2779,8200,8200
3939,4516,3736
9713,219,4059
4939,5818,3068
8849,5855,2996
2033,3403,1813
5637,2369,4884
4103,7158,9580
8747,3386,1944
8339,2281,8553
5526,6431,7266
896,994,4152
4456,9463,9494
1883,2317,5182
9758,6182,5045
9032,649,1416
206,3773,7926
5420,6590,4603
3324,7591,3123
2358,3226,9080
6255,7378,2999
6392,7598,4945
3791,8365,6695
8461,7516,8926
8518,9363,9166
4043,5191,7359
9853,5177,8286
2227,4117,4619
4065,6577,7384
1994,4188,8546
7350,5905,757
780,7390,4975
8761,6377,8032
2196,2751,4443
1093,4114,2341
319,2645,9435
7066,1067,4141
8138,8131,8194
7589,7360,8624
1812,8148,1438
3526,5293,9266
9095,1110,4510
2804,8657,6902
4670,9138,9287
571,2859,853
4759,3772,519
4259,2245,5465
7760,4400,4940
6961,6583,6123
5023,6132,1513
8111,8813,4584
9089,8435,1782
6918,6209,940
1649,3876,3099
3964,9624,4148
9461,5707,2210
6836,4966,6289
6075,2201,9465
8431,7026,2551
840,3695,3232
6931,9859,7428
1378,5123,3986
3771,1336,1850
4721,413,4730
3333,4134,7053
3108,9642,2990
4442,8570,3320
5396,2372,4111
7899,3999,9789
9129,5895,4358
6108,8113,7956
1154,8522,3606
434,3010,3459
5611,2971,7871
7264,6332,7920
335,5146,854
9612,2026,3287
8956,2066,4916
8098,7924,8319
3615,7350,4792
4504,8302,9705
2100,679,6401
6691,8032,6068
7628,5592,7376
622,4169,8075
6181,1311,5533
7070,4945,8421
9879,8895,6842
7518,2652,9723
1734,2311,8874
8126,7708,159
5448,7766,401
8532,7070,1669
762,3794,5193
730,8090,1052
9861,2100,787
2091,3047,7737
3691,7850,5918
3795,8797,316
1782,7490,2257
3537,5325,6367
2594,5114,654
4528,3110,2510
339,893,1834
2061,9082,7482
9808,1580,86
5714,3990,445
9372,8738,895
8549,6886,3415
9255,2853,873
4474,7158,5952
7910,1897,4343
748,1806,862
2906,5483,3055
9816,5894,1000
1409,6572,5146
4915,733,4664
6896,6629,5392
5472,3370,2635
7814,5498,2824
3624,9139,4931
8145,5162,5694
752,6928,1136
2519,4856,6349
9410,6754,4324
9864,2640,3994
6220,8521,1283
4636,3749,5690
7855,6238,5633
1831,6058,3054
7751,7612,2068
9228,1369,694
9633,9693,5068
8366,5366,3505
4240,2026,4479
344,5802,2680
130,4328,8160
8371,6185,3029
223,5442,8540
7903,4547,9154
6573,2414,7989
9624,3894,2290
9535,7545,5238
7789,8485,4154
5072,3409,4217
5790,7310,1980
721,6595,2329
5459,3275,7073
6446,609,4111
1111,6245,4315
6404,8716,9037
8673,7822,8433
6757,4829,3714
8401,9177,3171
5755,1575,9102
1772,182,9978
7452,1725,5891
5838,9570,3106
2308,6135,8888
8102,4706,5918
4450,9124,3849
2542,5995,1665
9156,125,2387
7075,2562,4390
8412,5981,5606
7728,9398,4497
7614,4016,2680
290,2481,6592
7022,3024,291
4230,6205,4689
4812,3592,2241
1683,9424,2160
879,3577,3745
4813,7864,6943
3410,117,4447
1518,6462,3644
3724,2470,5677
7438,8645,8669
6156,4070,9505
4919,3591,4010
1865,3623,9813
5335,3726,4218
1530,1234,9286
9320,6084,938
2437,4555,2216
2906,7528,9102
1419,8947,5478
9009,3745,4096
3177,6563,9569
6941,8702,7690
4132,8595,8647
4554,2933,7866
1762,3211,5751
9368,791,5057
5534,6610,778
8107,6294,6078
7353,3697,5549
4871,276,9434
1605,2705,9118
6389,7014,9659
5384,6900,6782
1222,9936,6664
8877,4530,4613
9004,9189,5054
2908,7553,8707
689,1218,5460
8731,7655,9207
2727,3491,6055
9355,3958,5994
9709,627,6328
6345,3822,9428
8958,3863,6073
1257,4422,5475
3155,908,2976
4168,387,4870
1444,8167,9665
2150,3139,5777
9541,9331,9359
2745,8769,1189
6469,9448,6834
5182,4626,1503
1267,7338,5995
5789,2462,9564
9399,2115,1269
2678,1886,4436
7910,1926,1481
6803,254,8374
2662,5669,9452
7282,7878,9260
2009,5759,9694
4404,4542,9757
1783,787,7457
1642,8965,595
8881,215,8126
4647,8161,972
1466,4329,1925
3081,7611,8282
8103,6619,5769
5330,4112,816
9845,4421,2411
327,5677,9718
1264,4980,8360
4700,9653,9123
2335,68,388
8090,2613,4829
8196,1313,6030
7355,39,3432
3430,9070,2220
8597,57,9052
6251,7954,186
3517,1412,9612
4563,700,4804
2455,4265,5324
9096,1544,507
934,7784,2886
7443,3679,9137
9478,3426,940
5994,1601,8242
8630,7090,5712
5137,7025,8384
8940,5364,9827
2666,7280,1461
526,9230,6458
3848,4717,7743
9047,5800,5903
8491,5300,3394
9757,8936,3562
4607,6417,5702
1864,5154,538
6975,9956,2938
2648,3105,156
4548,6732,2074
3012,4417,8201
6603,8580,6965
7287,6953,3701
9709,9425,5759
6793,1787,1951
4596,4781,470
2477,4845,5599
7371,4179,7322
6748,1723,188
4551,3705,2227
5004,1092,1216
2829,8249,9855
3329,2065,5734
4891,6135,9520
2280,2235,5041
7160,1933,5284
4384,3050,9844
5696,9035,1820
3740,8139,7689
2584,7087,862
8997,2211,4025
327,279,6900
5899,693,576
1254,1139,5330
3786,491,9708
5454,7621,4504
3605,3323,662
8402,3762,3570
5121,929,114
2883,3882,252
5683,4593,3975
7190,6297,4313
2188,9759,2862
1830,5232,8200
6023,5272,4724
4849,9273,3770
7122,5462,9258
5072,4904,267
556,2449,4611
309,4973,6257
6168,3934,6201
5956,819,7703
1632,3722,5346
5702,3758,7778
5239,6240,2057
3433,5173,7743
8706,3662,9838
5080,4168,1957
6095,1394,8565
4462,4093,2546
2670,5379,6180
7430,9378,6389
5284,6596,6045
7678,5812,7422
9065,7892,3271
5009,2665,8293
9549,6631,6993
723,665,2898
8756,8522,6913
2729,3151,9217
218,5063,6893
5898,2177,29
2574,1592,811
258,8677,5874
1769,1661,8890
6390,3722,775
5298,3446,9792
2452,7251,4021
9977,8876,1545
3493,2396,9854
6724,2965,796
9656,3179,5083
6219,5729,8484
4100,8120,8610
7065,8610,7495
5505,4959,8429
5602,3912,2764
6826,6031,5271
1663,2440,1781
5591,4107,1049
673,8859,5423
101,2456,2935
4895,6591,7760
9775,8513,3279
1803,184,70
4887,5103,8963
8818,6396,8895
4186,8488,2844
3173,1629,7461
5277,1931,6482
4812,8361,7102
2485,4689,688
7410,7240,7597
1323,5501,749
2050,4332,5756
8342,3314,5546
7846,5658,4047
4781,317,3359
4974,9537,8908
4998,8228,9362
4125,5450,7841
3504,9344,6008
7456,9496,7079
2348,8201,6578
3655,7691,4454
9541,3816,4751
7059,9630,4504
996,7062,166
7348,6531,2343
1000,5490,2983
9114,4307,5801
734,2367,7031
9869,3431,1388
2259,6208,7418
1498,7049,8290
227,665,9824
6459,903,7285
273,3991,6280
868,137,5328
6884,4930,7608
7648,6924,2886
8852,1629,3572
4634,125,259
3673,4254,8655
4116,6001,9561
5295,7426,8588
3823,6022,1843
8992,1696,9747
2298,1187,9179
9993,9204,5339
837,4759,1446
7475,7337,509
6988,3392,5575
5679,7139,1271
2059,658,3431
8111,2760,7781
4594,6148,273
8781,475,2961
7417,5245,9386
3151,146,708
7728,7395,6478
3241,8471,4968
3832,5310,4170
3396,3263,1014
1882,5809,2365
6633,2052,8459
3579,8507,9509
4093,2122,9915
2543,1479,3378
9098,3355,7854
4469,9652,5607
3095,9756,2214
7556,9665,7594
1516,2812,419
2319,195,4329
3766,8747,1376
7017,1842,7576
2620,400,9612
3127,6344,2562
8481,7626,83
1061,7903,5339
8210,9493,4021
301,1864,4759
1989,4115,6937
3860,7002,3770
5378,2085,7494
3713,7545,6963
3269,7474,8750
7860,414,7506
6654,623,1081
2976,8723,9195
7750,9503,6682
7770,9488,8586
7323,8344,491
6997,9386,4202
6711,2073,505
3228,5831,7044
1519,5722,9166
5740,8390,1580
4054,4261,6936
3672,8403,1108
6964,4818,6836
3528,9860,5739
2732,2451,7499
5786,3855,7196
2567,895,3363
2774,3657,1985
5013,5238,94
3932,3631,8914
8127,4381,877
5435,7817,1235
3919,8244,9262
9633,7270,7725
9893,737,9236
6745,2590,2623
33,3722,9514
4812,1998,8918
3902,9503,5528
8039,1245,2732
8657,9378,2691
738,8418,1882
3985,5589,3712
8022,9490,5563
4201,5562,6448
8775,2609,6590
6695,1099,5490
4159,1103,4682
5646,4757,4966
7205,2007,1459
7156,7909,2777
7913,802,6558
2997,4887,8942
8872,2192,767
6301,715,866
1621,5307,4323
1024,179,1293
803,6867,4676
4163,703,9129
2480,7674,1599
3227,2,5164
8990,1760,4377
5729,664,4932
5326,861,4101
2495,7662,6447
6927,609,4999
578,5585,7680
6740,2056,6438
5226,5368,8703
1624,2506,1203
4179,7150,2375
5259,7550,9242
471,5591,4998
6868,429,3219
4733,8650,1714
4934,7432,6438
3584,9974,9953
5658,5981,3968
4650,2259,1637
2462,2776,3934
370,2392,5700
8505,695,7403
6839,5366,6875
646,3088,5550
2049,6620,7880
4153,1894,5008
8493,9096,9322
6521,7977,9312
826,1032,672
6821,4033,6736
5748,130,6920
3469,2280,4389
673,2787,3184
8345,700,2623
3271,495,3730
107,2452,9592
4894,2489,7991
2827,1461,5548
1932,2256,2452
1998,9650,7786
2387,5233,4473
4473,2068,5330
2137,9542,7314
4938,8055,5801
3373,1641,5431
4641,5076,7057
1692,5619,9375
626,7489,2045
8079,4186,1266
3737,1095,7125
1573,8074,6545
4881,1153,5294
840,8442,5218
2923,5883,168
4014,7406,3695
939,7632,378
1802,1653,8023
7140,6489,4023
6766,6126,6676
4922,9600,7270
3363,4911,6437
4650,9663,9448
6293,4519,103
4688,2446,8170
1019,6085,5771
2655,9873,1322
9776,6596,3351
1250,1473,7859
8106,8680,8415
340,2607,7510
6131,9342,5947
9269,8226,7538
6726,7408,2464
2709,9179,9388
7942,3333,8349
1775,9371,6821
6547,7923,7055
6961,144,7428
4265,116,5164
5343,7188,1725
9063,9669,679
6098,8112,2449
6124,5893,4799
8536,1282,2067
6334,7873,6437
4474,6080,6723
2274,8042,8017
4549,9394,3522
1479,9427,7164
7376,2070,3511
6768,1460,8914
5096,988,5831
6134,3254,4525
8902,1119,4733
6615,7368,1885
9683,5592,1994
4039,9126,4701
463,2442,9307
3464,8236,1288
3656,2435,3418
8672,2285,659
7291,7057,5851
1055,3386,1294
3104,1568,8517
2716,3821,5429
1031,7670,1545
1714,8413,9214
6606,401,9328
569,1923,8752
9633,8351,5541
5963,8982,93
1974,1879,1644
1787,5626,9623
2542,6474,5436
8674,6861,1566
9733,8588,7393
4414,5669,8943
1939,3285,8784
1150,7067,3230
7624,1207,5598
3908,5227,8651
7556,2597,120
1185,3636,108
7894,8239,9077
13,4653,7322
9382,7865,8853
5892,7792,5395
5900,438,5781
194,6494,6120
6238,1426,4119
340,6657,7417
5971,8928,6244
4996,3260,240
9142,2985,6013
896,1277,1582
9903,88,4636
8032,8019,3995
5029,1075,9758
319,6658,1701
5086,1695,3830
7345,9304,21
443,3611,7015
4605,4648,911
8861,9656,6785
696,1139,8900
8789,5642,9908
8158,5290,768
1862,6551,5044
33,7114,3017
406,257,831
2768,6307,1637
8309,7619,7524
2930,1756,9659
2679,940,1706
1394,6416,8780
3943,5214,7245
8365,9768,5325
2546,551,9028
4526,31,5427
17,473,6278
2327,1615,3398
391,2151,5151
5380,7527,8040
9061,8184,6926
6233,7522,1091
5534,5824,2237
9863,5214,9252
672,7102,4731
868,7817,3995
8374,429,1186
3461,9103,1529
7452,1477,2305
7350,5293,2031
8882,8185,4396
7689,2840,5022
3052,9834,2547
8968,4558,9887
7143,651,6806
540,96,3613
4203,7372,2277
4935,4224,1459
823,1099,7669
9224,1793,6637
2005,5270,8019
6595,9708,6188
5690,3799,241
9891,35,6885
1805,6819,3571
7060,1354,8307
4272,3963,4090
8744,1604,5192
971,8077,1271
5597,4939,1173
25,1126,2638
6430,3908,5527
1459,1015,9529
1300,7886,2167
8488,170,3418
6137,6049,4927
1341,3251,5143
8477,8613,2010
9613,684,6406
1653,949,1347
355,6789,8421
3074,8039,1882
7195,2498,8619
15,5924,9366
6237,8845,4405
4751,4761,3256
2952,4476,4623
5455,2544,7570
7710,5203,31
3075,384,3980
5479,1736,8534
7552,6210,9066
2162,882,1196
1149,8201,1308
7371,3860,3480
77,8279,8845
6628,133,6789
3771,5683,5008
6654,2504,8174
377,5020,7448
9438,5875,8094
1484,7030,7078
5766,2613,8518
7865,8455,2460
4661,7072,5982
694,4204,5171
2187,7012,3679
3429,2940,2652
6555,8947,8589
4456,8358,9193
8112,8006,3917
3146,4267,7846
6530,4428,6416
588,9361,2731
8648,7017,8358
5376,8339,8246
6556,7396,6671
5947,2549,7302
3080,7939,6342
2778,4938,7721
6800,8032,3263
1449,983,4694
3421,9040,2762
5165,8052,7799
5769,4982,8569
6463,1120,6152
9004,4466,976
2985,6096,6023
5769,2514,1615
6075,7598,2811
664,5482,2059
1209,6651,587
3706,2930,5749
6447,9418,1519
1595,1703,501
5967,334,5461
2100,4658,9601
708,1386,2498
7568,3376,3778
700,5609,1795
3879,6774,6579
5995,9214,3713
5182,9472,3776
4352,5079,3103
4291,6287,6677
9872,7237,5583
5119,1636,9751
2286,9186,2943
9093,6500,9397
9592,8015,1183
3350,1394,2461
9980,9757,3989
131,7632,8728
5388,5558,1197
9280,3762,5675
4705,4760,8850
9739,782,9768
5106,7634,2886
3264,3936,663
6085,296,5851
9174,2722,6070
3839,4249,1218
2543,1836,6958
594,4692,6039
7017,6139,9922
6650,7460,7923
1603,6411,9377
3099,2744,8670
377,2972,8624
3345,8537,3712
3442,8306,307
7061,2882,2907
4083,307,7470
5308,8436,6661
3534,3283,1531
3422,8588,4634
2048,2862,142
8869,2632,1592
9077,4715,3458
7305,177,9101
2475,2184,8477
1849,9868,6588
4331,5080,6279
6966,4973,8596
9359,4050,3377
6730,9453,9402
283,6887,2579
383,8950,7292
9680,4770,6262
2021,38,6277
5011,2326,8828
3318,1352,8578
9940,8703,1950
2216,1491,4503
5092,3199,8760
3636,9949,5427
9803,2574,7575
6638,3043,8250
2698,3756,386
6148,3035,6313
941,5925,5086
9262,4169,5908
7443,7413,7240
8660,4190,928
6670,1348,4685
2817,7859,8711
2929,8497,3462
6285,6271,6582
4996,2851,6617
8797,4226,4023
3305,801,5285
8721,7627,8327
9255,7483,3393
7003,8958,5750
7433,9145,9566
5871,5560,2984
7089,7691,6524
8381,8262,9222
7075,4988,8784
468,7343,1312
6305,3069,1311
5164,6872,9933
4392,3766,2562
3527,1653,9447
6071,7516,5028
1130,1514,2453
4246,5553,3158
2044,8674,9305
7531,47,5394
1802,1698,8352
5683,3878,2319
5171,9844,9847
2813,1036,2500
2404,219,5168
4934,4322,7574
4319,3972,209
1177,2914,1884
9665,6074,8094
2481,5570,3600
3730,436,7861
9305,3775,5451
2630,8457,722
306,6063,9180
6421,5337,1116
6109,6430,8768
9954,9091,9435
8033,8478,9696
7003,5381,1533
6278,9716,8327
589,5100,2624
9758,7635,4073
780,8840,7715
3256,2899,2721
5869,295,3014
1034,8009,8836
1610,3153,7619
7344,2250,3829
8468,606,4210
5939,5178,1755
2191,5448,4157
2053,4848,1682
3877,9031,5553
6880,7353,2728
4103,7082,53
2014,8051,4727
6983,556,5443
8420,787,1747
5885,9635,6624
3850,96,3191
1790,5915,905
6724,2021,4174
9942,2014,5318
3238,4410,9523
1915,5727,6782
4666,4481,4892
8747,1657,9576
6581,1881,8947
3460,6506,7751
1247,8631,1636
4260,5024,3274
715,6386,9998
6086,5845,9960
1431,2733,9268
9839,9817,2880
1946,5406,3951
3806,951,7336
97,6817,8101
4093,3219,5330
6661,9350,9378
997,2272,6599
6261,6264,9653
8699,8449,4694
1044,5199,6773
9373,8318,5505
5111,5539,8890
9799,2304,1067
5335,2902,6822
2740,6494,1452
4936,2020,6009
9287,51,1328
9936,7161,2692
1081,4718,197
3022,9154,9043
6166,6343,9877
4701,7965,3062
1574,4067,217
1325,5564,9313
6847,8323,7155
150,4016,2333
3692,443,1487
914,5962,2349
1905,8740,2348
1891,7810,6378
8738,4496,6535
3731,6792,8083
9953,2404,388
5149,9736,8169
3446,5524,9871
9689,7590,3527
2575,5245,8951
615,801,1867
5374,4121,7774
9162,6159,3634
3956,5855,2337
6904,6625,2207
6142,2280,1661
7884,8172,1683
4201,8456,2921
8782,2567,3090
254,7333,4884
6661,5147,2557
7739,8944,6399
4958,1478,8473
1766,6406,3895
527,4768,9636
2211,2098,6838
6139,2619,6957
5103,6512,9909
2715,2622,1092
5035,807,2729
6721,1354,417
8560,5660,1373
5783,6281,3767
3179,205,9518
5899,1045,4525
566,2518,9006
2261,5135,9908
3369,5104,7669
4264,5648,8366
2798,4446,2911
3557,9256,1995
3047,5327,478
5437,7970,4594
4125,1565,8972
5194,7207,8765
9925,926,7002
841,2456,3991
2824,6773,3419
8123,9755,7442
3097,7771,5534
5382,4150,3768
5236,9664,6975
6336,476,6286
2913,5579,3841
5980,4651,1303
9400,2912,9717
248,4052,8690
1785,6192,7639
6857,6548,1609
9686,2477,942
5042,3833,5507
6221,2560,8566
4551,4809,4908
7245,8691,5378
1999,7448,364
2633,2048,3214
8076,6027,6735
6429,2046,1631
5278,7373,2177
3596,1091,4394
7956,3043,659
1289,4233,9592
1211,9174,3060
4594,616,240
5113,8691,7558
4760,3639,7928
3045,334,6048
3716,8727,353
9377,3917,7783
5054,7981,7358
2080,8959,2168
3975,9017,9729
7877,8290,9287
4738,8922,8711
2188,3836,2089
9826,7030,4294
4849,1701,6507
5655,1202,1715
9870,8386,111
166,9186,7989
6089,557,4988
2400,946,1083
1525,7021,2455
7387,2739,1093
6448,950,6531
2070,6340,6603
3447,3296,9237
698,5398,2051
9118,1578,434
3273,6510,6903
540,4808,5411
4529,3946,4527
106,1787,9055
2654,1939,1122
6079,3877,8705
967,1026,6222
9059,3764,904
7043,4334,2599
1956,8061,1889
7191,4445,9237
5300,4345,9136
2254,4024,8228
7170,2656,5050
9788,4066,2929
6501,4822,8109
5119,3943,5548
3949,3372,8192
6359,8993,2785
2209,5260,2163
5058,271,3648
5193,6754,3048
8833,2249,8360
1568,5596,5064
1891,7758,7993
6394,3974,9409
4898,2164,7907
3103,2719,1428
3605,9525,2803
7361,8623,8226
1042,4093,7298
3461,7481,6972
3773,5169,7406
3185,3777,4250
4311,6668,7218
3232,3444,3453
1046,8185,8338
7774,5582,9051
606,658,5284
2512,4202,642
6764,8578,602
9007,3273,9194
1963,3323,2311
8829,8934,6616
897,867,1101
7834,4593,2817
4466,7775,385
5778,8912,2730
7688,3307,2900
9228,4957,4119
2610,2688,4395
2122,3000,3807
3873,3399,9477
9142,6383,9969
7330,2930,5495
6173,8159,4400
3732,8296,1440
2943,3228,2613
9322,4515,3783
8791,8235,9666
8878,9176,4109
4677,3021,9964
3886,7876,3857
2206,8383,9131
9873,5112,1364
5906,9361,3092
1945,7747,3260
4804,8903,5559
9507,8940,4980
108,8362,1709
1863,9222,4642
3115,4421,4571
4974,9767,8663
3829,2825,8747
9538,6987,4550
8211,2205,6861
3474,5620,8617
2492,7920,6836
1384,9533,7290
8436,244,2242
6431,2256,4445
3412,2892,8256
6502,5666,2931
2594,6861,6915
9984,1462,6068
354,4838,3174
7301,5790,459
1654,3642,7288
3370,3334,5900
553,5767,9274
7322,9527,5505
5609,677,3951
3852,4550,3169
9291,7482,1063
264,6862,1630
1318,8770,6951
5591,5512,7080
1368,7703,8427
444,8135,79
5407,7690,3974
3879,7629,6258
1300,5546,6684
1301,2258,1863
1972,5757,8913
5983,6071,7970
4561,6583,3007
9291,2923,7861
1989,1341,2626
1836,874,2873
8699,7307,4156
5232,2632,7152
5465,9287,7643
2259,5397,5495
7180,411,4313
4301,3298,2214
4674,9282,9838
2457,3635,7245
3491,7283,310
7418,5457,2904
5258,5300,3179
963,798,8891
62,515,5540
1896,7659,6439
543,7117,2533
1954,2900,1037
20,632,4214
2366,57,5787
4229,9435,8230
4296,9298,8622
9638,9126,299
701,3751,1094
8128,942,6574
4943,5128,5584
4761,8991,2194
21,2980,9491
8570,4703,1575
848,2680,5280
146,5516,2291
9353,5100,9081
9468,9290,2520
4764,4875,4314
3172,8059,8997
3125,6860,2452
2430,5126,7073
5712,6075,2100
3550,9600,4954
263,3422,1999
8565,5108,5122
8448,7033,9464
6465,7534,7916
216,246,7518
9231,2068,7044
1365,3492,5120
4839,642,3227
9540,2099,828
7571,830,4066
3343,8263,6243
730,3835,6160
8615,6780,9780
3280,6459,9310
4327,7746,1940
5038,6429,3800
966,8240,5307
7123,6459,5412
180,9912,4616
3534,1064,2628
3404,984,5552
2180,261,8472
1194,1162,7898
4138,9401,5362
1098,7894,1982
2721,6635,4302
222,9117,4296
6970,4374,6120
7945,6559,4453
7036,8393,3960
620,703,8250
772,8176,5544
3171,697,4792
7441,7157,8490
6547,6116,3177
2427,5550,8965
9307,4919,4329
2034,6343,7929
3536,4338,9951
6308,4398,8354
5967,3080,9195
8771,6571,6169
8850,8997,8741
9947,8593,3
5495,4005,4444
6879,3424,9705
5598,100,9682
1822,4880,7906
6371,2609,4148
8222,6960,7731
1,3782,9713
2430,8175,1258
3786,3611,5426
1087,4909,9946
7599,780,1239
3415,3619,2084
1908,5093,7316
9853,6171,9960
1180,6822,7989
5765,8515,7785
7311,4967,4712
8402,3094,8379
3349,5800,3961
7450,7670,949
1056,5058,5257
4757,9624,7763
3160,4194,149
1177,1156,7786
90,3139,1164
3016,5158,771
8696,8716,314
4873,6477,5078
2450,9984,402
7540,2009,8600
908,2285,2395
9079,9100,327
4850,4014,3174
1591,4536,241
9263,1237,8353
3501,9294,410
6761,4569,3691
8899,6905,380
6699,3899,2866
5821,8843,4843
4731,7945,1687
7727,1025,3
5224,5806,3251
7918,2943,4338
1884,4588,8622
1586,1833,881
3624,6140,533
8561,1853,4820
8685,5646,8362
9155,2806,3706
5823,2524,9560
3786,5509,259
7951,6033,5097
9393,5375,4855
5704,7497,6724
9533,3105,9218
4010,4281,1619
7888,823,9239
678,3308,7969
8111,4017,5010
544,8268,3893
998,6383,4304
2430,20,247
8777,7691,8716
3182,2125,1886
9082,5853,2935
6552,4640,7485
6962,4037,5881
6791,1792,7511
3935,6981,1570
7429,5768,1181
2125,5520,7018
6911,9815,2624
2457,9467,696
2363,8745,9170
1107,2340,3167
7793,4457,1439
8210,1510,6094
9706,532,258
9091,4635,1464
4519,6848,2355
1318,5091,4462
8513,3489,9083
2984,4618,5338
3409,9633,7635
4734,8745,4551
1655,9034,7540
5911,7022,5477
560,857,5070
6619,1568,3775
9892,6038,9482
5008,4004,9358
2862,8681,9519
7478,9214,5883
8088,6723,6843
9164,6740,4401
237,8369,2560
8170,2760,1637
6851,5087,7553
8850,6619,4386
6991,3689,2594
3211,9753,2723
1424,3515,649
7439,7173,2924
948,2422,5942
4202,749,4190
9606,7601,9841
3627,2533,3799
4780,2018,7110
1148,9929,5910
2385,6933,9875
1886,6531,4018
4417,312,4079
1188,8676,6501
7453,9178,6194
6705,6669,813
6547,1343,1502
8803,7890,1578
6680,637,8786
2151,9269,215
9437,5408,10
7088,7278,9610
4789,618,9866
8623,5509,4857
8817,9168,5097
5572,8505,7800
8200,8746,3348
4992,7666,1240
4830,3678,3375
6384,4909,1727
5860,3714,2466
5615,9392,7700
438,1474,3362
547,3527,6902
6258,1539,867
4212,962,8070
1325,9988,564
8886,942,766
7204,3203,4317
1347,3773,7946
651,3606,2286
8940,9085,1106
8229,3394,5970
7802,1075,6175
6143,2501,397
9164,2218,6222
5659,7452,2159
640,4009,6608
9001,4716,513
9145,8373,1535
5934,983,1200
6405,1311,7450
8926,8329,4094
4933,5820,4631
8536,9313,8621
102,732,3008
2438,8758,4467
7345,7354,7125
2047,30,70
7084,3604,9723
7676,3874,7703
3505,3757,1853
6122,6387,487
4807,9637,5626
1528,8342,2634
565,8221,6042
8860,7206,1390
7575,6136,7757
4814,477,3138
7945,7491,498
7824,2466,5733
2354,1052,3546
1863,9885,9834
1396,9817,4577
6199,2044,9885
8151,4419,9539
6128,3624,129
8127,3556,6745
4529,7028,125
4349,7996,6425
4809,3065,3945
684,9803,6501
387,3783,5872
2256,4886,2273
7879,5651,1072
1381,4007,7271
5593,5725,754
7475,2192,2891
6322,2203,9110
1001,2415,6502
7529,1917,8198
6228,3171,9133
3760,66,3489
7015,2050,6354
3019,7265,8289
6911,745,9356
3183,9659,5430
7716,2525,353
1801,613,3906
7269,3984,5628
8677,4139,1857
1199,4550,1339
5078,4283,6210
9784,463,4070
7985,6097,5666
9762,5766,2973
5118,8446,880
4362,1573,2572
4433,4905,4660
6440,3467,5471
4662,9774,3634
9501,1929,1772
3807,4236,7017
2088,5254,5485
1835,5035,873
3392,8407,6434
902,8560,3485
5166,1830,8064
9881,3377,1674
5654,1189,6399
9743,2622,803
1641,1670,1989
9931,2997,16
8628,8445,3806
925,9750,5745
6174,4249,1199
9823,1474,2680
5510,9821,9243
8899,6933,1725
7758,9571,3663
5785,5460,1991
4777,8575,2613
6774,3740,9133
7119,7155,8764
3752,5123,5779
9174,6521,7353
5673,6951,4659
4522,7158,1371
1466,3862,4305
9164,5887,4213
144,311,3141
413,624,9274
738,3167,8051
6988,9913,2787
1150,7826,4806
6183,4887,1780
5261,6206,9313
4439,760,5774
5571,8470,1351
3443,8228,3608
9823,2022,979
5261,2125,4146
7786,4102,5266
4746,379,2880
5717,6861,7063
5874,7616,7456
5564,1504,5295
5197,7513,2740
7580,8843,1505
9425,5965,2952
7975,5792,1896
2275,6816,3057
6674,4105,5190
8588,6402,9570
8293,8927,766
844,5105,5013
3296,1568,8487
2010,713,9409
1606,3998,467
4709,5781,8538
9836,4877,5779
6096,7332,6762
9505,8841,1853
7534,4033,5804
5787,9099,9141
3321,1093,5191
5785,209,7893
5399,4915,18
10001,3822,9179
3981,8814,771
3763,1069,2422
2965,4826,6852
5245,3106,3787
5154,2400,2675
7031,8328,1075
1380,8986,651
6563,5997,9138
5550,7611,4752
2173,5215,6371
4128,6783,9818
7388,6875,4487
6879,5619,2696
9744,3245,4636
1965,4304,5623
3249,9100,7516
4511,9676,6391
1368,5474,1509
9562,2348,9349
4018,1678,2121
1145,8591,4320
151,7672,3473
6253,5416,8986
5257,319,9983
7913,6897,5512
672,6823,3083
7795,2395,4779
1536,2884,748
8696,9482,2532
3349,1775,6384
2395,4860,260
905,7612,75
3415,8302,3124
7638,5922,7896
6120,977,9876
4945,7288,2028
4653,8717,239
5899,5879,2348
2305,6132,6783
4670,2506,8075
7917,5053,3457
7298,8382,1295
9324,8279,3950
9034,1482,8561
5857,6298,1805
5395,277,853
9515,504,4587
9785,4849,3255
7171,8085,9261
4207,7668,1282
7416,975,6914
8290,5425,9242
7314,8696,1815
2549,7599,6702
1266,4638,4747
3078,5665,7258
4251,7435,8700
2522,3882,8393
8255,6402,7255
6662,2282,2845
9048,2939,3266
6753,5012,1462
920,9892,61
1552,5700,8002
4936,3949,5146
5202,8643,2813
2569,2604,2540
6682,1581,1268
3072,101,9624
2636,9901,9254
5295,2952,3930
8284,6659,1237
5347,8018,5569
7011,5998,7113
8212,9895,210
8481,7102,9610
1621,8297,8556
788,3891,7657
9389,1623,3027
4170,6982,2056
3805,6683,9746
4525,6936,1841
539,6874,7482
6073,2065,322
6092,6758,1883
2675,5806,6751
2467,2329,1025
4880,9687,8566
5957,9703,9581
592,7506,2329
3704,1727,1193
6123,9671,5737
3037,4647,6013
4503,3898,2359
3033,4777,8867
7189,5314,9534
2906,1355,5073
1814,7318,9352
7966,55,6557
8600,2904,9988
4616,412,8042
2684,6043,4051
3577,6309,7528
3126,2626,2401
9191,9963,3082
8235,1112,8390
548,8853,7217
5357,1821,9290
1470,9149,604
7378,4219,100
5475,714,6597
3720,4492,4575
8848,2919,7135
3942,796,9191
8913,3924,7784
8056,6494,7552
1983,3089,9114
6894,7776,839
1110,4180,4910
5072,5352,5706
327,5140,6101
8118,258,2813
9620,7349,1974
3232,2630,5158
9751,8826,5492
3458,2831,4239
6202,2206,3771
8476,9970,9286
8649,9105,7439
2539,9846,5883
9801,2096,3869
5859,7485,4520
7989,6028,9226
8324,6198,9621
1078,5324,5184
5433,1932,9978
5808,5732,5034
8196,8633,8729
843,7792,8154
5914,6204,2369
689,4804,3159
4392,3446,7009
9463,6104,2436
1635,3134,5009
8401,8627,3196
1503,4882,5502
6822,1633,2033
7445,9056,9071
235,200,943
7657,7894,2427
6758,464,3674
2233,9288,643
5496,8401,449
2640,2632,7930
7088,6169,3265
3671,1017,3767
7491,2068,5998
5535,2926,8502
9177,49,8807
3105,9675,9261
3388,540,4681
8130,2146,9867
5951,9243,1382
1289,2577,664
7679,4336,165
9150,2073,7734
4096,8680,7752
8240,5167,1132
3469,7814,9594
3540,1844,9416
3690,5390,2558
3804,2548,6126
3886,3278,8931
346,1943,4977
9227,4729,32
8934,3052,4337
574,4069,8525
3989,3699,294
5473,324,9181
9966,1330,9724
3457,4635,7829
7348,6590,9211
5355,4436,4238
5751,920,6059
2937,406,940
5133,6004,5112
2294,6119,9367
4474,9415,1382
112,2204,3665
327,1647,4387
6672,7371,6845
1561,4108,3353
8525,3097,8649
718,1088,2086
2315,539,448
9897,6422,6401
2175,4728,9071
2658,2569,9568
8782,4978,8767
2456,8053,6413
8253,4510,3811
8874,9875,340
9238,247,1523
5352,4599,5286
1136,7137,8435
2260,7870,9538
310,1695,5685
9763,3279,9572
8662,385,3695
6972,2377,2043
2713,5058,1530
4892,5146,3479
1205,1769,353
9547,1360,5747
3599,1314,9588
3320,4269,845
3964,1655,3564
2337,8131,8351
2818,661,8276
5464,9620,2390
1272,5687,3698
839,3509,9596
7018,4373,1052
860,7197,6816
5680,2247,8290
3262,4743,5433
5603,8672,3888
444,5368,750
7248,2987,2585
2213,4296,5305
8876,798,8643
2349,7675,6745
4550,3456,5946
4446,7814,3802
1867,5090,4212
8455,610,8154
3787,3832,6743
4505,1954,357
5585,837,8078
2675,6446,8315
7515,1451,9655
7015,6250,7471
1047,7877,1019
8578,5164,670
2378,5866,4007
6947,9737,7414
5963,470,4438
9661,8985,2402
9635,6062,2303
3660,7624,269
3188,6196,7391
1301,6421,1142
2689,2724,9109
4964,6605,3167
1635,1088,7394
8579,5687,4133
1023,147,423
5346,2386,9027
2942,8289,6895
8377,2585,3209
6991,7717,8192
6885,1589,3866
5792,2253,5831
7537,7259,8215
8814,6763,3638
2156,964,2899
9228,5539,4459
1541,2842,8375
4126,8308,1302
3908,2600,4373
8437,7933,9716
8474,1996,2419
8426,3084,1166
6248,951,174
337,3808,940
2292,428,2061
8480,8376,7061
1146,307,4870
9421,9820,4604
9620,4494,573
9404,9843,8710
281,5390,7401
4609,9660,4901
1926,3241,5114
3117,5709,3091
5309,4125,8347
7588,9876,7294
9016,1860,7051
1456,4122,6646
7202,1952,2513
2688,6238,6469
6308,8036,6319
8218,7481,3553
4779,3533,5887
7532,8288,8750
4671,2992,2808
7047,9094,91
5717,8409,2401
1152,103,8258
8664,9864,8781
797,3716,1543
1292,3270,1429
7705,1956,5014
1444,4136,6837
3149,9084,4523
677,5977,446
8543,9931,1624
7058,3726,6321
2750,2721,1293
2767,2860,9898
1835,6910,9251
4607,2146,248
198,2741,4760
3594,4905,9631
9093,9742,1220
2089,5670,4496
9081,8522,5390
6184,6821,93
6595,9484,567
24,6625,19
829,3313,408
7780,1182,6018
4105,1243,6248
188,7163,8172
9845,8131,8382
8276,6351,3406
9073,7912,8550
2246,9107,9498
853,1373,5540
2534,1934,6999
8901,114,851
214,8026,4724
572,4732,5430
7918,2574,499
9833,9726,4124
624,5812,8826
9803,8272,8804
7596,5407,5859
8066,8690,9628
7208,5887,1971
2514,8253,3277
5896,7022,2190
8322,5677,5735
6501,6015,8529
4958,7340,4247
5407,7666,4030
7345,2300,8180
2743,5186,945
7366,4268,1362
2639,4008,8299
9410,6454,751
9094,8730,135
6832,7939,1972
6857,7475,3357
3661,3355,2265
9960,7204,9130
1469,9338,3227
1673,3256,9783
2922,8983,2836
6730,623,3134
2185,9889,7952
2745,118,16
8501,8371,3788
3582,1058,1808
6429,7751,2833
9751,3815,4831
4529,714,457
7444,8490,8254
7030,9758,9196
8196,2755,2298
4894,5137,5492
1729,8176,6752
9129,7159,8423
1532,9789,6604
6017,3924,4315
2618,335,8595
5614,5733,8851
7041,9765,1235
9367,8422,5907
402,2804,8807
2331,5066,3497
2109,491,9163
2392,7329,1520
7849,8626,5559
9466,1115,3830
7310,6206,3949
6159,8969,9218
667,1383,8506
5839,5459,3251
3966,5163,4459
7074,9846,1982
6423,7829,8891
4910,6784,6356
3759,830,9459
4273,3357,7319
3634,4106,6615
4941,7758,1028
4864,4289,47
1963,2105,1330
6844,9550,7478
2820,5230,8280
5195,8321,776
5783,6264,8067
560,4939,858
3125,5100,5884
1643,6052,7523
2820,8020,6116
3726,6594,8515
2985,4171,6546
2808,5046,3428
6069,5436,1471
3996,2643,606
6934,6448,5046
3794,4327,3274
3879,3151,3111
2398,5697,8543
1938,6637,8916
9088,4514,6922
1548,7497,2585
3429,1383,1545
3141,5267,2419
8576,1459,7574
3829,5504,2782
4617,3664,6599
9592,1849,6479
984,3155,4095
740,638,8806
8378,402,8104
9939,4068,3383
7843,1245,5692
8732,5342,7990
1308,4386,5958
8656,989,2441
2623,3286,8910
3961,4714,4297
6415,5445,1735
7969,9670,4622
2996,409,9585
9204,9861,3709
9018,7776,5332
5000,6723,9573
5223,1403,4662
1215,4076,6482
3236,3809,5827
4554,3005,5607
7348,5325,5774
2266,1181,5500
641,9600,9223
8079,5325,2781
9414,9271,7731
3892,1728,5993
4613,7907,9780
322,5010,8855
9911,3550,3527
4668,827,821
6052,1075,1350
2331,9221,7114
5445,8930,7030
2158,4933,4378
3724,1985,3690
7836,732,3793
5366,915,1149
5182,1713,6371
5576,2378,9942
921,3122,7455
3468,5823,3608
4961,619,8009
7090,3199,8489
4954,7511,603
9952,5792,3518
1100,2569,1353
3209,7744,7415
352,1417,1634
7725,7172,37
6387,9995,2649
4375,6266,6088
8836,8325,7230
8799,5735,2540
3898,2817,7890
6187,9406,3864
6526,5104,7609
456,7427,2048
8931,3798,8768
9932,6502,1225
213,8713,6718
668,7165,2076
5204,3787,3219
2872,3221,2110
596,827,5616
5032,1389,3343
6281,1943,3613
5964,1970,7835
6467,2356,7871
1200,6822,1423
3143,5838,2207
2437,808,4650
5754,7245,2604
5126,3041,8616
8082,3118,6946
271,4728,5763
6621,7717,2382
2029,4813,9348
9901,6304,4629
3041,4021,2234
1060,3200,894
7242,3440,5024
8759,4177,6048
4149,3589,1822
5426,2663,4295
7409,1466,2513
7929,2569,1299
6172,1971,1816
9112,8576,7999
8910,7509,3251
9296,1825,2579
5463,4690,4864
3894,7472,396
1391,2555,2849
6919,2193,4087
6205,2362,8468
828,2301,505
4959,1912,7151
8365,7014,7806
3855,490,8220
6585,4919,4141
8090,9103,3989
6760,4760,9938
6620,8133,5374
8942,8033,6899
8644,6666,478
7170,1028,1053
8972,4282,4100
7513,4586,1586
7567,130,5617
4827,5979,1634
1031,5862,8354
5773,7892,2419
2356,7587,1664
8261,7166,955
8310,9440,5637
36,2009,4819
1183,8016,3180
5522,9453,4310
8788,5980,927
5908,2596,2904
4420,8772,4379
6724,4614,6082
4114,3025,8078
8134,6310,6717
3770,1088,9465
1460,6461,3457
9401,4562,3675
5363,4717,1087
323,1167,6687
2598,2178,4928
5977,7365,6735
687,9670,3239
6819,7706,1006
6690,5621,9511
1015,1697,6294
5144,3930,6054
3539,3662,3719
5290,6517,4806
2277,1925,7583
7947,2509,9932
3732,947,4074
1886,2209,6381
1423,8412,3327
398,2743,6251
7047,6509,9614
5301,414,3242
7574,4017,5045
2049,9768,79
2532,6880,3017
1364,5220,2776
3057,6861,5732
498,6409,9643
994,9310,1891
6319,1738,9836
9540,5993,8682
9570,3386,7731
6544,4574,297
8812,4958,505
5432,2421,8253
3039,538,7845
6252,43,2514
3129,8425,4308
7408,410,2621
5951,9615,7850
87,1728,3181
4039,6854,5441
3278,6362,8080
2645,6093,7712
2144,3260,5957
112,5876,4465
2883,6877,381
1625,7124,8761
1199,8714,2934
8621,708,9410
1219,9836,7042
4780,4300,7130
4568,1138,1060
2630,2674,411
5123,5759,257
5978,7815,9520
4796,7311,3525
5141,9562,2262
2223,1461,2243
5378,9157,6019
6655,8178,9269
4075,1910,5549
1830,4172,2840
7689,5099,4188
7002,6113,6295
4518,7845,683
8255,9649,5133
9559,6402,2780
2069,7590,9060
211,8616,5331
8662,9364,670
7794,831,2868
8008,1744,2858
8052,6632,4519
5360,710,9609
4010,5586,8610
7764,9371,6466
5383,5853,5326
4032,8757,4135
7251,2098,9768
8503,7932,1960
8202,6588,4383
1388,4889,3270
8844,8098,3535
5113,3167,4757
9391,4822,5583
9667,8243,4173
1893,9239,3065
2011,4593,8496
5680,3022,4152
4424,6277,612
4248,5274,3265
8197,2880,887
7251,1265,772
5673,972,679
7023,7745,9380
4097,8079,1828
6289,649,5305
1553,9773,4758
2600,1509,8938
2228,9368,3837
9188,7897,590
3572,7101,6360
4052,5926,950
574,3631,2343
261,4369,6730
9703,3493,7255
75,8304,9104
4536,6209,9280
4329,6610,6621
8335,1441,5102
8390,9289,5724
1752,3066,9776
466,9172,3720
9014,236,3504
6861,2592,4462
1008,3320,2048
4819,4499,8095
2344,8554,553
9996,1372,2680
9713,5039,2797
613,4242,2390
1753,7111,8139
7874,6375,9895
8866,5557,6835
8681,1756,2207
2653,7874,8305
500,8166,1675
53,7801,1147
5143,7786,2375
8848,5770,1727
4248,323,2301
927,2279,8742
3294,4948,270
813,4333,8042
9201,1075,926
2052,9116,5077
6539,5888,6438
9931,4974,8822
6594,7560,2865
7672,202,4975
4238,8105,4752
7168,7422,8743
2828,7902,576
2547,3585,2908
7819,4075,2069
6814,6339,7660
1759,4492,5685
8692,9919,2240
6556,672,280
5438,4590,9058
2925,7795,2906
5527,4908,3273
2596,1230,2988
48,337,8456
9215,4236,3272
7743,8935,868
8825,5474,1130
5257,8610,9882
6004,7778,328
6882,466,7346
8393,5073,7236
8082,3403,880
3029,6828,9628
3868,104,8742
3008,4532,4630
7718,1295,7284
5532,9333,1451
4286,4870,5663
2957,1715,7385
8766,5868,8906
3254,8546,1743
4259,2692,6123
4093,6354,3319
23,3878,8650
6032,8046,7533
2802,8682,8056
6571,2338,4751
3595,8623,867
2651,3532,6188
8448,672,774
4923,5903,6870
3410,7539,7213
1161,7998,3629
6789,9261,7271
9224,1086,2313
6100,8325,6622
8403,5982,6513
1692,2422,4543
7780,594,7026
4778,888,5153
9391,5475,9730
3140,5146,1560
1254,639,9903
1838,5164,3197
1289,2507,9537
2192,2476,7666
8377,1882,9642
9077,3804,2176
9899,2999,717
6623,8756,6911
544,2969,9189
6739,8230,9959
4897,2256,3356
1425,7509,5021
1974,2988,6972
1690,4558,5766
4680,5713,7851
8947,7498,8833
2820,6720,9302
2911,6684,6767
6360,179,1164
7793,2150,9263
1289,3094,6884
3991,9247,7368
8030,1953,142
4043,3152,6139
9701,2497,1210
6815,6326,8854
4858,7307,8553
3446,7067,232
9644,4415,9135
7141,2411,8867
5046,4694,7388
6425,8171,5688
142,4988,5259
3397,9620,3750
2991,8520,9413
2455,5453,9568
6114,5288,6951
3961,2366,6511
4836,9588,5647
8319,2896,6821
3807,3765,8252
2983,1072,4639
4843,6840,2773
3888,615,990
8416,4350,2576
2201,8280,9977
4547,8635,5414
8574,4425,7886
2874,7686,6475
9739,1263,7146
7156,6669,2710
3362,4596,464
126,4561,6920
81,4522,8173
4536,5303,6813
9495,3224,7343
2626,8230,8143
1425,8725,8289
9013,5637,8378
2032,5516,9430
7941,4740,305
6971,2249,3001
2391,8449,4591
4501,3628,277
6089,4268,3932
4967,555,9550
533,4255,6545
4334,1914,347
2972,1585,610
3287,7392,7356
2930,6345,4971
543,7975,4033
962,5019,1998
2662,4368,8703
1413,6893,4171
5620,3943,1069
8829,5420,3672
7761,9804,8143
4081,2033,8971
2588,897,6569
2530,2778,1255
3069,6495,6973
5734,1888,5321
7027,3540,9885
4177,3913,4062
9779,5064,7603
8469,5060,2274
9015,6416,8611
4875,1252,7347
1215,7742,2260
8217,8238,6455
821,8313,6157
3863,1509,5079
5503,3856,2655
3059,5007,9078
2447,5973,7613
3434,1968,3425
8974,8881,2300
7893,6017,4320
8067,4382,7933
3850,5843,4562
799,884,6711
5914,9186,4664
7018,9254,1904
9739,2978,1167
4171,6530,256
1609,9283,2543
7608,7644,8538
6241,8182,8083
8187,7715,8157
3422,3125,9604
4033,2943,7375
3699,5531,6703
8531,7808,3489
2487,3381,1046
9926,1757,4774
6721,7252,5476
7136,9695,8569
6184,5312,9039
955,4091,6707
6335,9328,6827
365,9009,4127
5242,7254,6987
587,2583,1117
1235,8027,7670
664,2286,6076
5484,1240,4797
3729,5475,2563
9741,9062,7744
5642,2686,4901
7618,6971,5593
3649,4519,1215
3328,1664,3522
3805,4888,6669
3012,8277,3698
2592,1045,5842
8599,1036,7594
4679,3616,9472
3281,3551,5035
5811,52,8019
665,9513,5129
4066,9295,7808
3666,106,6620
8045,8161,7234
9290,7936,7004
6889,9,2667
8849,1563,4151
5242,1008,8231
7349,9450,5788
2623,290,3803
3492,823,330
4357,8396,6949
9817,8048,7156
3995,5144,7051
870,1393,1855
8225,8554,1035
2424,347,9746
8023,1416,2547
7444,2200,6382
2901,2754,4504
970,7207,3352
3994,7262,932
1130,573,6427
5692,7617,8652
8000,8007,1750
6054,9483,8712
2255,1454,3073
2479,8090,8867
9543,911,4934
5170,2337,9994
6833,5639,9437
2827,5672,902
9252,8527,718
4962,1683,9761
3201,350,1612
7842,4666,597
9355,8185,3741
4193,1267,2884
4904,8671,6511
8197,3932,5559
8739,878,8922
5228,8385,6509
3050,1763,293
778,6243,7942
5389,4542,5573
7903,4212,6093
6985,7228,1248
4178,1277,6234
4411,862,5549
8066,5377,8582
5962,6297,4392
7701,1170,2969
2441,2396,5979
2579,2479,8532
6856,5197,9883
8799,2621,5528
802,6574,3361
6861,7600,9934
3159,1112,9787
7319,2660,6702
9964,1514,1943
5128,9311,7470
808,2373,9620
1310,5840,7964
2639,7737,938
5278,4437,6849
8622,5942,8353
205,435,3738
9171,1386,4197
3237,8897,1074
853,8074,6621
9985,212,3769
3994,3274,9679
1741,5835,9379
5936,6617,4168
904,4513,4231
251,4907,3694
9267,2959,7362
6743,9631,2355
3380,1441,8389
8697,4774,1957
1756,2030,511
6731,2692,560
9527,1488,8512
7055,6766,887
5818,4395,8839
5660,3167,9304
3750,5443,2125
265,7563,9618
7179,9509,5055
1178,3002,8802
6663,4255,2345
1089,1357,7621
3722,7906,9840
1664,7801,4449
204,1453,164
4780,2516,7142
8867,4552,8719
1301,1972,4324
7839,4687,9251
6500,8211,3509
1865,1639,5629
1384,4119,5239
1981,8142,1489
3405,3948,6121
2035,6694,189
6324,415,5549
4140,7436,7854
8188,7217,9274
113,4157,2111
7797,2302,4344
3316,469,1678
2470,3107,9378
2435,805,1323
7133,868,506
6873,2408,4314
6953,9902,5301
6197,1946,1605
2228,3161,2581
9847,3858,4641
3515,4719,471
6244,3963,7288
9807,9446,8398
3522,5950,9172
2665,9744,2275
3183,1760,9721
6811,2328,654
5586,5527,8189
8262,3234,2214
3281,2726,6896
1906,9109,2740
9175,5735,6300
419,2572,8751
4780,2151,8466
5763,9091,351
3516,3658,4400
5553,6576,3840
7521,9643,9705
2235,6591,4581
8994,3554,5965
4975,4935,3477
4841,6032,8253
184,5539,3672
959,8036,5922
2489,651,3378
5300,4752,9605
1712,4541,8772
9129,8656,9112
1929,2884,1331
3110,6475,4864
2358,8889,9201
9443,3043,2579
5133,4137,5057
8759,9714,4269
6158,9958,3304
9660,1643,4248
552,9118,9702
9091,4092,1909
181,1095,6556
3706,8511,8633
4930,8318,8462
9907,2216,3870
6215,5157,7954
25,211,3540
6802,3194,3550
4619,6290,8365
5608,7546,9576
4772,978,9277
4135,9734,146
8286,8325,6354
8983,2663,29
4257,7942,6005
7259,9050,8970
5785,3443,1605
9400,5682,5149
1526,4246,7343
5106,8076,5007
5599,3266,8840
325,2957,4075
1427,9129,9312
7427,6323,5615
8197,9852,2502
4791,7195,7988
5148,848,8680
2602,9374,9879
4148,4720,8030
7317,7319,8288
6733,3267,8355
1706,6756,8723
6414,1657,7587
4304,7193,7033
4649,8540,6000
7702,7622,8373
1981,8471,1876
5238,1137,6858
3128,9971,7374
2260,2708,2339
8753,4229,108
2828,3145,6814
9507,5382,4097
7666,1331,4109
5336,4939,2028
606,9206,6873
9942,8051,530
2282,9395,7819
3121,8642,6502
4783,8738,9135
844,7806,7945
898,4043,2962
3305,3556,6677
3592,5259,4041
4523,4421,846
7208,2774,7042
5470,5210,8544
4084,376,83
3154,6693,8689
430,7708,100
3962,6997,4890
2030,3920,7915
5277,1515,5277
755,6071,6961
5014,2676,5825
9409,8140,7214
9246,8468,3367
6979,2358,5742
2515,8521,4095
5952,6202,3128
3902,8775,7548
3475,8239,4343
7723,601,6051
6015,5017,3664
1021,828,6082
6862,8996,55
5937,5144,6051
8233,3981,5800
7343,7976,4983
6816,8372,1064
2867,6480,1742
2878,4717,9856
2260,8663,9869
7569,61,8733
9926,8860,3556
6194,989,7193
2576,9057,2268
7217,2265,5241
356,883,235
9361,8750,7792
2249,2565,4663
1566,3461,919
1919,1851,5842
9596,1866,6152
6371,3382,8170
434,9184,2150
2054,7054,9677
8132,8560,7960
2941,1055,6958
9723,9441,3547
9290,6843,4424
2582,6464,9085
1719,5306,4921
7471,2204,6552
7507,8400,56
4262,9401,84
6170,9240,4744
7047,8325,5943
7499,694,6486
6104,3019,3546
5785,5662,5468
3044,9051,6963
7468,7172,7875
4861,3766,1317
7702,1062,6629
4156,3275,951
8765,6876,9923
9894,3494,6473
4973,5400,1903
9940,814,6589
187,5979,6644
4149,8130,7770
1343,2593,9772
2976,2274,7460
703,1979,9802
1218,1803,1382
5202,8774,9887
3465,4348,6426
5009,5354,8831
8642,9518,7830
2775,2208,3424
4477,2664,9624
2524,8338,434
6249,4081,439
7744,8922,7393
2063,6998,7517
7028,5847,7686
2202,5882,3332
309,595,9150
1308,129,3224
7308,1229,7219
1009,9149,155
2255,7312,266
4770,1582,9007
1200,8937,1304
1190,8013,2123
3563,8521,2444
4963,1383,9286
3832,6898,5995
8536,9508,910
2245,6066,9875
7551,5026,5808
4194,9818,1577
1493,2708,7154
4593,140,7914
8125,7090,8094
6822,9130,3622
7434,1483,3465
6279,8216,3748
7659,475,7215
644,6776,9331
2210,2206,3404
7103,2491,5562
1978,2114,1770
6656,5781,6505
2459,8332,8789
6518,4077,9130
9305,4867,1868
5296,8258,5307
222,1307,6555
6620,8754,96
9362,2585,2009
3567,7967,6235
3393,581,5125
5231,7290,8897
4356,8989,7201
3188,8225,652
6749,1924,1192
702,877,2780
3317,2798,402
6005,4111,1354
4337,3526,8534
6361,6616,2348
8766,6597,9807
597,7107,1327
1294,2437,4297
7004,6283,6075
1074,573,3174
6420,7124,8903
8895,2800,8883
610,162,7225
7396,7401,5864
4786,8792,2289
8451,7535,9057
733,3887,7573
4120,295,4055
5441,948,3443
2506,8036,9854
721,4800,3078
9562,1196,7090
9105,8868,278
7141,8990,1412
166,7725,9263
1914,9724,4633
4302,9669,3225
6760,3227,4318
8814,633,2097
9462,6061,2975
7099,1635,2993
9058,6650,4120
1360,1717,3058
3891,8605,2155
4824,717,5173
154,4833,7995
8756,1046,8297
8356,8309,1375
8056,1916,6488
1641,1446,7601
8477,574,9238
455,8958,7772
4960,5396,8256
7427,6060,4609
420,9236,9420
7650,7358,2260
6383,547,8324
7373,4484,2943
3818,5224,3705
6416,1868,2577
1674,9613,2956
6199,3107,630
8302,9593,4914
6295,8242,1162
3984,7286,4836
4679,5224,2414
6242,9315,9130
4876,8954,7541
2506,3621,1003
2281,8356,1243
7117,1340,3602
5649,8368,211
6478,8406,7136
4539,9334,395
5593,2338,6681
405,228,8122
9592,59,1588
558,1746,7914
127,7840,8878
8752,5702,5278
1616,9573,2015
3160,8575,7590
9595,5951,4709
5649,9199,4651
16,9791,334
7379,854,5424
9668,3179,3293
9880,1912,2668
8629,3298,648
3728,2277,23
5930,6662,3863
9965,1700,5998
6359,1769,7076
2699,997,248
3991,6596,804
9165,2548,6442
4140,8577,4714
8619,1081,5586
180,3425,6815
2435,9339,126
6723,9984,7333
8370,7256,9017
1381,5273,1488
1474,2569,5971
1217,6553,719
6690,5756,6519
399,77,5661
6451,1959,8688
3863,9594,3366
891,316,7037
2824,7668,6084
360,9976,9786
6095,3304,1825
5516,2321,2142
4948,9177,6989
4526,9950,2264
9349,904,3365
637,6691,3596
5756,8110,2277
9700,5341,5555
6897,1177,9416
7362,871,974
1306,5439,9849
1809,1330,28
3791,3140,1854
4234,9550,3118
5022,8170,6138
2360,2759,8098
4717,6277,2553
3986,1474,5927
6188,1613,2319
4318,9786,2027
9452,7402,5381
5640,6712,5795
9870,7463,490
2315,4491,6097
8812,9020,8040
8912,952,6450
5322,4510,3484
8123,3955,2317
1904,4132,1772
5410,5655,9779
8530,4316,2759
9185,7239,9014
672,729,2302
5146,5398,5470
3096,4317,6653
2011,5340,1191
9915,870,1703
1027,5278,6513
2250,5578,1822
6190,6705,8413
8887,3554,9068
3749,8730,2955
9227,1263,3771
5950,1707,7234
1469,4802,4988
1918,4626,9491
1369,6284,7560
6959,3259,2135
5450,2136,9407
6740,2501,1267
1302,3311,379
9488,3062,1682
5073,792,8108
6045,4739,6938
2464,333,1864
89,8375,2152
419,712,431
1639,3963,125
4917,3292,8567
7968,27,2785
4839,4455,7187
2679,6597,7147
1369,5632,6283
4962,3589,2137
9156,2386,8237
6902,1038,8693
5298,6855,4209
3428,5745,7394
4445,7047,6636
7332,1971,7422
7548,5994,2086
6455,6305,635
8968,8484,8642
2923,7141,2960
1655,9531,3232
3130,21,9299
745,6122,2758
8589,5209,8131
7374,5010,6346
4211,5170,5433
5813,9189,1828
2853,948,1847
2481,8691,2284
4447,3909,240
1627,7278,8376
8716,9826,7873
2538,7493,867
9070,6659,396
2527,3792,197
1452,8760,7095
1532,272,9740
4910,7076,9496
5611,9800,6039
642,1024,2923
224,9384,5012
9480,2849,1989
7884,4200,1033
148,5198,1848
6350,5882,3553
2698,66,755
2963,2532,393
3050,1751,6074
274,3766,1864
9523,3792,2285
8141,9618,6423
6413,3109,4026
6909,2854,6486
4714,618,9957
7956,8215,2829
1496,8249,407
1780,8897,9951
2766,8115,2271
2976,8483,7210
8223,3996,7163
8763,7588,2100
7228,2525,3204
4710,8626,1472
9319,8107,3091
7706,9407,4145
8299,2281,8653
2732,7818,7283
404,4760,6188
2186,2529,6862
44,7539,8722
8078,5687,7717
2115,485,9477
7424,866,322
1794,5837,6767
58,3556,2235
4978,6758,1047
6311,4474,1514
8036,9797,2779
6968,6389,4779
2469,9609,5413
588,8608,701
5845,1728,8634
6039,7144,9166
1652,4045,4473
3256,5513,3482
1144,307,6411
7767,4341,5514
1535,3922,6313
6509,2864,6604
5416,6314,3965
8842,2574,8289
3590,9587,3517
9521,7426,2776
3776,9888,5201
3902,7902,6016
8959,5535,533
4725,4451,3311
2377,9354,3963
374,5428,5675
3496,2473,8933
541,8441,3497
9011,8011,8922
2748,8805,5050
7234,8499,6061
6697,24,5664
931,2033,5663
8957,8960,5437
7149,3749,2800
4088,2397,9184
2342,1506,1231
9041,8459,3526
7893,9273,8401
2081,2261,3497
4219,4506,837
7188,9383,7667
9163,51,6464
8489,8031,4470
2923,6899,4551
9019,8258,4956
7384,7843,5811
2033,9492,8585
2884,1324,8992
6410,4870,7397
4742,4590,1521
351,6469,2686
4202,8434,4390
4043,5085,9819
6579,5169,1127
1951,9953,4930
2044,941,1467
5592,3112,8688
4698,83,9533
1538,5671,7941
7273,8780,5756
134,1083,3862
6319,4364,1543
566,8245,4566
2206,47,7097
4158,2332,4284
9129,7678,347
1029,7971,6314
1785,8016,445
5343,6931,825
5523,8336,2615
584,6949,3252
9027,7243,7057
7801,577,3163
9578,5643,6332
7794,3760,9483
759,3121,4314
4718,6035,7431
6057,8613,7450
4430,3346,6637
7324,3623,4509
4476,277,1511
133,8212,8921
202,5575,694
509,9618,2111
3289,4950,6715
19,8904,7541
9084,5239,4200
2191,6119,7600
2250,6061,1744
2549,278,6956
6098,5617,7351
36,5478,3533
5945,5001,8791
7361,4568,7703
4218,9324,5476
8446,601,4280
7600,3509,8182
8896,2296,8200
9713,4725,2076
1820,9957,4465
8728,3499,8557
9165,9589,2512
9761,474,335
4985,113,6526
7928,4132,7838
7397,1407,9524
6605,9709,485
7449,4966,2184
7771,9723,8529
8983,7673,7595
9610,9446,6664
4808,2072,2412
8459,8350,2001
4448,310,1074
4759,5339,9124
8055,3956,3079
5298,3324,7137
1392,8511,7177
562,8925,3236
4233,5506,5200
7409,3021,3335
90,9529,3242
1805,1476,6858
3169,5999,7496
4803,2994,6722
4311,2891,3000
9234,75,6008
7151,5503,4723
3499,2596,4049
6641,838,7470
7878,8065,4704
4650,9967,4713
8947,517,7588
252,3451,482
1020,222,8107
6695,7241,2267
73,9615,5995
3454,2905,1125
9443,3937,5986
3162,4779,5649
3173,8431,482
8872,253,9301
3641,5720,6232
3280,7639,6772
5104,1914,1669
3232,1590,1389
3720,5259,5136
4181,8,5077
8766,7551,7714
49,3688,3132
2660,815,9960
861,5139,366
2997,3158,8355
2417,4678,4972
2276,9854,867
4289,8874,9197
4005,8644,7005
1565,3550,4616
5326,1855,2092
7212,5744,161
9618,524,9295
1610,3499,9995
4844,6262,9009
8312,6920,5128
6488,5626,815
9677,7923,5891
9224,5350,3418
397,6741,1826
7665,3505,349
6826,9209,6559
3666,8341,4773
4501,1711,2914
332,5752,5953
692,8137,3510
1362,7019,4868
5269,3181,1200
1298,8063,719
476,9160,2973
4500,4681,8820
2523,1024,5370
4029,2834,845
4148,2332,3010
4029,4245,8904
8602,6038,3176
778,8301,3822
352,7219,1808
8939,2298,2519
4338,1673,4439
9129,4980,8816
6427,1596,6372
846,966,9715
851,4367,1873
1821,1391,198
726,4755,9174
6944,6197,6390
2896,5277,3729
9756,1939,7657
3576,1560,6720
8975,9721,1096
7226,9124,7663
1933,9602,4024
4424,2857,2811
467,5503,2701
9467,8015,2959
6412,5560,1068
8308,1225,7116
245,9112,6068
2703,3104,72
3472,7019,6895
1822,2957,4640
879,9030,9063
4860,9637,4581
4636,4100,7781
26,2477,3661
1970,1132,3572
6951,4291,9435
9058,717,33
83,30,492
2737,7647,3553
1140,8701,2635
2864,2784,3096
2996,8919,8849
2076,2190,9076
6779,9855,6880
6103,4065,6423
8712,2504,7849
2282,3109,8021
4613,9317,7184
3488,5848,4721
1568,1856,4479
4038,523,5519
2420,5553,6640
5674,6083,3848
8132,1701,2513
8140,676,2980
3343,3765,3180
4774,5986,8876
9377,1895,2736
8747,934,625
2977,742,4279
5747,7792,9734
7483,7656,1855
8163,103,5550
1029,6136,8870
2959,692,4152
2347,5566,1993
1844,7179,4178
7751,1279,6869
1121,4056,7747
2553,1517,1252
8652,9124,7224
4849,1032,4777
2591,7947,6254
6132,604,7373
9384,4345,7456
3076,2432,1734
4158,1820,7096
5990,7148,8285
5894,9102,1334
690,8730,3844
1040,8007,870
3648,1479,7821
3525,5722,6836
6282,9542,6826
558,521,5395
4541,492,8655
5685,6314,2017
8220,1387,3244
9865,1476,552
4517,3598,3283
2687,9333,740
7701,582,4542
8384,8343,8395
8633,519,9415
7524,5214,6153
9662,3795,1978
2266,4158,1608
7461,2692,8593
5730,8602,4852
9023,744,2993
4952,6222,5554
9720,7684,335
9132,5947,9
7133,9930,9154
6133,4932,996
8256,275,8307
9795,1315,907
7794,4205,4307
9870,6838,9039
9570,7782,3476
3987,3835,9209
44,711,3208
4383,5825,7631
7671,104,6267
6285,1604,518
7891,7787,8355
4771,1303,7048
7758,7459,8097
6433,7049,6
5461,6585,5308
8571,8869,4443
4978,4195,7780
2112,3252,8867
7437,9681,9139
7368,2762,5302
426,9661,6058
4993,176,797
5058,2938,734
1639,2354,9248
845,4542,8793
1423,1586,5873
1704,1519,2219
4227,6949,899
5227,6832,9003
7088,2596,8760
1053,8493,9806
6445,17,9361
4157,9155,3173
5027,4098,6810
698,9718,1602
4225,8211,7843
5337,9932,9928
8879,8272,3245
12,6530,1921
924,1838,7646
2878,1315,6180
5548,3436,8613
8343,1042,1369
5539,9285,1374
6988,220,7626
8069,1082,8180
9569,4968,4673
1195,5376,7407
5517,6810,1254
964,2809,3502
750,6926,3697
9648,1955,8473
3543,4789,875
4645,2567,4666
8910,7792,5334
5280,4810,2187
8931,9039,5087
7515,8717,4684
500,9505,8240
5355,9232,7382
8446,420,4193
3231,7600,7759
5524,1870,7112
6884,6481,2684
7187,3527,4024
9686,5033,8122
3749,6058,8885
7437,9717,5224
1752,2929,5413
5888,8484,8336
6598,2895,4872
9016,166,7020
1801,6855,9582
3224,1969,2866
4663,1590,2440
4367,150,1971
7341,1363,5307
484,48,7099
5765,2977,6729
6624,7881,2874
5588,726,7355
4119,3411,5803
481,6679,3094
7583,7017,884
2714,5334,8345
9522,6246,8419
3385,7471,9581
6425,4486,1963
2298,7633,156
4553,1267,425
6700,9083,1715
1445,7978,5010
332,7815,1952
1045,5248,498
548,6276,9576
140,5188,8020
5680,2253,3022
5070,7917,6484
4911,7821,9012
8275,488,612
509,3073,8465
4706,1230,602
9171,4605,725
7681,7679,178
1117,8982,4240
1373,8313,4165
9195,7798,7682
4831,1836,9560
6767,485,7168
6938,6359,3460
741,4455,355
5622,8524,9876
1257,415,9336
7515,1962,4240
8446,780,5595
1959,2297,2798
6113,8858,4377
1880,7464,3548
5765,3648,5055
3779,9107,9619
2911,8199,3786
1365,2105,6473
291,5170,9786
4746,4890,8416
3556,6097,2565
6204,4620,6059
8597,712,1465
6460,986,87
6148,4564,887
5881,245,7260
8774,3361,7242
948,890,1077
6324,6595,1185
9869,8447,9384
9721,7602,869
9178,4021,2647
2663,2797,4396
598,2232,4924
2116,7142,4442
4113,1385,3605
5829,4210,5931
7595,3271,3702
8194,2293,7647
6747,6652,8113
6999,677,8119
5136,6501,6725
8177,5771,9506
1088,1922,8443
9600,8932,981
8313,6830,9346
2215,2662,5460
7335,9730,8044
7070,5625,4732
5639,2400,5710
4497,2188,8277
9226,5770,9056
1840,5970,3323
8692,5821,8756
3019,2236,6253
6798,8370,3939
124,4484,2294
3516,8731,6399
5567,5605,5982
9972,4101,1772
7491,6364,4379
7625,5649,3786
3522,9887,2426
5346,7045,1029
314,1478,2732
3021,696,8825
9415,2336,1544
5345,272,2549
7105,2757,5936
9365,9354,3466
9735,6822,5968
6880,1470,2205
2452,5285,5398
3240,2451,9629
4133,8271,332
2230,5112,5490
4870,5228,5211
5444,8776,6214
3150,6820,4786
1799,9615,9258
7036,7783,2186
831,827,6520
6788,6020,1281
4809,1380,5713
5001,2910,2460
795,660,8190
8278,477,1869
3437,4426,9867
106,3608,9459
5471,5222,9632
9879,5290,7852
7862,434,8070
5530,1972,2589
4775,7607,9453
5431,8989,1407
7810,9053,6261
8014,1653,8943
7872,5481,3637
6623,1839,4015
72,730,5171
3256,6302,5039
7386,724,3297
6847,5996,4460
5117,9647,607
8766,6201,6870
6113,4698,1798
1583,3434,7540
8534,1839,404
3280,13,1916
2600,8242,1479
3249,6915,6016
1232,4368,115
6515,2617,9440
4971,9709,2931
1124,7735,942
807,8139,3581
539,9388,9367
1119,399,368
2272,6693,3894
5121,753,75
5213,8292,6888
9995,5055,1863
2334,3879,2590
1761,3272,8710
2779,4125,6676
189,6941,6731
7202,8629,836
5893,1223,484
8855,2473,2577
7439,2043,3443
290,6837,112
7678,6044,8001
4680,9313,2189
6830,5008,4206
4439,6887,8775
7713,3843,7296
8010,3137,9691
352,7152,4559
9381,4719,2040
2853,1566,1862
1921,1666,4395
4691,6754,9872
4065,5826,6225
4612,55,3698
7348,2553,8483
6797,2731,8391
2099,8696,3357
3600,7431,1208
4455,493,7177
8844,6575,4722
5741,9592,1001
2477,225,4976
804,869,9291
161,2545,4240
8452,2647,851
9468,3962,8134
459,172,1914
3339,5340,6943
4718,3165,9094
5291,1082,1443
3212,2280,5407
655,5788,2923
4632,1602,8762
5528,7516,7040
9597,114,9883
3957,1855,4346
5673,4991,922
2165,3605,1262
6903,2425,2648
844,3269,4362
5913,3752,9050
7159,4614,6327
7286,1846,8410
4968,4128,9953
4782,3758,7948
2353,774,7856
6897,3012,8530
680,323,836
8695,6422,4886
94,9823,1267
4731,8980,1835
6014,5984,6772
702,9276,8832
1007,1721,7155
5445,656,1065
7561,8006,4379
1343,8686,6643
5251,8873,3996
9780,8591,629
9726,8344,9022
710,7180,2697
1725,4830,4012
2822,8729,6819
6078,115,9370
6801,4828,7598
7093,9067,991
7541,374,7931
9200,3019,112
4624,1950,8127
4470,8974,5207
1758,4102,7305
8123,5557,7813
7768,7771,3295
7297,6447,4722
606,3982,2188
1839,5909,5733
9517,8691,2659
2495,8494,5792
9595,9019,1808
1647,9826,7668
6071,9198,2046
987,3572,9982
7990,7405,6457
8770,2280,4402
10001,5405,8671
597,243,1452
863,2811,2512
1460,5480,7784
7756,5188,9225
1524,5676,8425
4677,8283,1809
5794,8892,5890
6275,4742,3441
2111,508,6449
3907,1356,309
9829,3646,4610
4438,3108,6606
8473,7608,3521
5059,1592,2765
5363,2762,3377
2952,4234,6385
3587,8421,7060
626,9746,4115
5001,1613,609
6540,9826,1502
8619,6459,3235
2336,7919,7593
9466,5090,9543
6862,2778,7838
5958,5309,8872
5323,8178,7961
603,9562,6532
3971,9634,4563
1556,50,8400
8876,3530,4271
4030,5981,8961
2455,5952,780
1051,6530,6754
772,1419,1550
5185,2141,2489
4520,871,4983
7776,5953,6450
6742,9307,3263
5774,5487,2615
8139,2242,172
1681,9701,9298
9739,3417,4971
8586,6051,3935
2630,8602,4358
9427,9412,7696
6785,3484,1460
3542,6789,2271
4901,4140,1612
4730,1524,5780
1526,3733,6504
891,1744,8721
509,5288,1773
5819,4570,2570
4838,4797,2699
1029,1212,809
5694,2455,1398
8551,3364,9514
5709,4353,694
3272,2548,5385
9891,2935,8714
4565,968,9600
6284,9462,2690
593,6500,7667
7709,3611,1839
4138,8103,6724
8651,4690,5396
8133,7670,7908
4930,9886,4971
9600,8105,8464
1874,6708,1494
7432,7922,4500
739,3493,227
439,3273,4759
6546,7066,4745
1216,7392,234
1147,798,4006
4770,1782,2809
7548,2528,4806
80,8517,1239
5456,9217,5037
1767,6008,5098
9052,2911,237
1894,5612,8659
1653,9328,1703
9709,3749,1589
7221,8423,7213
7958,7316,1122
6578,969,3705
159,7656,5104
7492,9603,7267
7933,3643,5136
6577,7778,4373
8758,7533,3196
2263,9813,320
3268,714,7358
7293,6418,8830
8258,2245,7961
8533,7325,4309
8642,5102,6264
5595,8730,1938
1811,729,1278
243,6300,7783
8384,5133,923
8359,8480,3786
3040,9361,5823
3207,2284,8207
4593,3960,3839
7430,1337,5234
4294,2900,5540
7347,81,6768
6351,3260,4524
385,3872,6757
3691,6378,429
1849,6555,2625
5665,3895,9899
4199,2730,9532
423,6100,706
7187,2915,8364
1872,1835,8892
1060,4100,9721
5244,8235,3569
2312,674,2556
5867,2610,2780
1109,766,6642
3374,7348,3172
2952,1354,1678
4007,4895,4474
8774,5255,7652
4015,8295,1810
7623,8632,9861
3663,6630,5872
2994,9991,3988
9230,6419,5825
5089,878,5783
5585,7729,6914
451,7825,4264
7373,2337,2742
338,7670,9940
4476,4816,6799
5825,5875,1257
2119,816,8202
1826,9100,5533
298,5755,13
2011,9546,2926
1706,5462,9277
5754,5417,2435
2026,8785,6074
4092,1339,8632
7311,4509,173
4450,5433,6993
5177,8326,2049
5066,502,657
9122,7418,2765
6213,3912,2791
2043,8352,3876
6615,9641,3677
893,2243,6097
1601,1863,3190
5498,3776,5568
2798,6253,1687
5976,3048,7679
3682,8865,1997
6467,535,5751
1496,4882,6064
4084,1239,9089
2882,5231,1542
7223,3237,1615
5147,6166,3104
7287,4618,1171
5491,5179,9197
7899,5741,3794
5283,1733,2826
8816,5066,7546
3496,2141,7785
7071,5970,8213
1650,3032,2010
3250,1129,1114
2940,2327,5157
5796,8347,470
2786,261,4816
7683,3480,7222
9248,2517,7087
6254,1125,8519
725,358,9630
453,2389,9678
9474,8930,7348
7325,2454,6666
2731,7055,3199
1369,8826,6794
8511,726,1653
2653,5934,6060
1211,6505,6619
7363,5708,12
6163,384,1041
4821,8567,8340
6335,1214,1350
4841,9220,3656
2025,3761,9512
5045,2020,3403
2460,4782,1044
4057,1537,7045
147,6629,885
6015,3236,2100
2394,1672,546
9765,4978,8876
3874,560,4228
5494,9711,549
4915,6713,2987
334,8964,1959
6208,7959,2180
2472,783,3584
9077,8385,426
327,1852,5037
668,1836,6802
3269,5703,7319
5827,9151,2012
2238,7598,4673
9430,7144,3713
6448,1421,2823
6619,9723,1072
4953,1563,9766
7744,9545,6208
8115,7676,1564
5414,8449,9657
4453,9693,6436
4428,8340,8536
5867,5245,9323
6048,17,7928
2089,5287,8815
776,3015,4631
8964,3196,7950
1234,5827,4347
18,9571,6899
9882,5248,757
4602,6462,7073
8439,6783,3271
6100,6931,9527
7207,4854,3885
1754,8745,5193
8676,648,592
2832,7386,3937
9308,9625,230
5242,4381,9491
4601,777,6128
7574,5162,387
4327,5818,6728
1415,1857,7936
8126,3703,476
9653,8538,4024
9598,6957,2472
7422,4479,7909
593,4572,2670
5717,3367,2159
364,6896,843
4509,7645,9010
6280,8756,8897
4412,8908,3621
9541,7405,6039
4285,4809,5552
1351,9646,5949
4903,8650,2876
7809,4704,2123
9847,1266,1485
9617,5198,517
4448,1007,6782
7128,8127,7602
8908,6350,2420
8627,6382,1809
8436,6213,9445
9993,1134,5174
3079,9480,6187
2274,5584,2931
6335,5312,7840
7967,4416,4993
6464,3409,1121
6188,9642,8613
3364,2192,2336
8875,5552,929
3108,3159,4025
1943,5119,816
8446,2312,4914
4572,9600,5302
4295,7562,1389
5167,3053,5271
4665,1819,258
6567,1225,7541
7925,8437,6301
8548,7451,9205
9811,3531,3966
8417,6590,4355
2547,2989,3968
578,1192,3317
6306,4187,9788
1052,8624,2060
1273,2100,6698
3499,9442,9498
4774,9838,693
9733,1158,2444
1882,9965,4124
6139,4654,7618
6260,364,5868
3238,7074,1956
7873,833,1607
7606,2365,9815
2932,9130,1291
1879,8159,5246
6697,6980,5611
8798,3990,2719
5095,9442,7581
2950,3578,824
7804,4899,4410
3169,5493,5437
5509,3670,7282
6380,749,857
9997,9335,9106
6403,4416,7596
717,5561,890
9786,1491,4362
5422,4239,3792
3543,6982,379
7840,2926,1846
9128,8865,888
3937,7372,4084
4366,1402,7211
6633,4033,1592
7521,134,7144
1321,160,4784
3184,6969,8243
8180,432,5570
2986,2205,9092
7976,5970,5641
8832,1582,923
4131,1226,3147
941,2645,4560
2505,1532,8361
6204,6337,7674
1052,2127,5310
8576,8699,6000
9746,6698,9879
5716,5874,613
2603,314,6797
5986,308,9426
1453,4032,7888
5765,1139,8748
5590,5962,5924
1001,8297,8404
245,3041,7336
4590,8395,6536
2502,1026,3042
7263,3467,9464
6400,3328,1453
9366,3557,8456
8220,137,2458
1884,8868,4186
6742,999,369
3539,6640,3577
5311,729,8418
1590,9394,4770
5707,3870,1317
8541,1282,5855
6669,6307,903
623,5901,7072
3515,6696,7751
9936,1657,8691
1312,476,9429
6011,6019,4045
6834,6854,3373
2402,4527,6965
28,1536,8739
5104,2903,468
8381,5441,1650
6683,3956,5392
111,6546,6359
4896,1913,4427
8349,8736,1808
233,8825,5855
4453,5741,8891
2073,9848,926
8802,3297,9642
8894,7180,3519
4788,3934,7429
995,6645,1195
9574,2985,6193
6144,4271,8313
7369,1503,9429
1752,1359,7129
8219,2593,8006
3922,2703,1360
8814,2381,9084
1374,4892,337
5831,7679,9165
7233,8342,479
4726,2651,1134
1233,4915,4839
993,6834,2947
5763,3784,8800
4343,2139,746
8574,260,6475
992,3612,4784
4448,3072,6642
4130,8222,724
5741,8342,3292
4411,2118,258
601,2230,3013
2710,1498,5745
858,1523,8931
9452,5838,909
4923,5778,4880
4520,5196,3501
6936,5962,1061
8609,3806,9887
797,3221,6778
1738,8163,7946
217,2695,6397
278,1402,5522
4465,3871,9599
4209,8160,2699
8101,7447,3832
1684,907,5741
7499,4125,7817
6087,7070,6424
4878,4222,1691
6292,3097,2543
6501,889,9010
6611,1351,3759
9984,9464,5931
786,4524,156
8727,7830,8616
1501,4484,1278
6413,2893,3367
6440,1249,6400
8838,1962,470
138,5830,9148
3396,5052,3176
4046,1058,5690
1123,9622,3246
8858,8727,6334
182,6048,8547
7966,2901,5500
7678,6849,464
7490,489,3864
1898,5558,4621
1771,123,9157
6830,9448,6330
6125,2377,2577
8613,8562,5021
1949,8235,2308
3184,2905,9731
9823,9764,2470
1558,3309,9047
2931,4288,7378
5253,2133,6826
3301,8560,7354
2753,2168,5199
5997,5837,1333
6823,9050,1815
1368,7930,2207
5665,2994,9827
1622,6186,6059
7903,681,2018
3210,796,4531
6075,147,2317
4041,2921,8975
6488,1562,8876
1006,3605,2875
4014,4473,9864
5727,4684,4228
4403,1289,8932
836,1098,116
3555,4139,3387
7924,864,8928
6056,6780,440
4110,231,4535
304,5984,1313
50,8058,9054
2902,470,9945
1923,9331,4613
2590,6785,1128
1686,5771,1042
8647,8369,9942
2479,9419,213
7017,4251,2704
9923,8326,2770
2808,3140,6748
1865,3388,4031
3252,1453,7654
8652,4173,1828
2176,4758,3676
196,9914,4445
2874,1344,6091
1934,1012,1117
7265,9773,6536
8201,3097,9735
8977,3893,4817
4197,9006,6645
9448,9673,3119
3646,6071,3640
5337,7471,1297
5521,8217,6880
6830,6660,8570
149,128,465
7558,592,3287
3782,9778,6233
9968,7067,1492
1804,5548,9739
105,3493,2114
6606,6085,7926
7001,1733,3252
2152,2284,9802
2765,5082,4270
5330,4598,7322
4004,6371,4065
8203,3187,9887
1036,828,7957
6664,2765,6210
9111,9234,90
6013,1870,8106
1943,2235,2533
3848,2758,2232
6000,2592,7697
9540,9230,9126
7270,379,6965
3131,4021,7951
1004,3143,2713
3815,399,3872
8852,9019,7112
207,6640,3495
2826,7454,2968
1635,2066,8711
558,5053,6227
3121,7616,9893
3535,3847,8217
6117,2657,3981
1937,8819,3354
5353,9203,7208
2661,57,8599
3962,4493,1070
9823,7303,182
7234,5885,1459
8897,5950,372
9740,4412,7858
1908,7100,60
4574,9303,8069
6050,8550,3536
2913,6746,9441
8358,5782,4224
818,5858,134
2393,4666,8981
6243,1650,2164
5845,9973,1857
4937,8114,7764
891,9597,6556
7467,6303,3488
488,9427,2667
5514,8461,2362
7187,3484,3241
5974,6241,6755
5417,9810,849
3381,5563,2391
7162,630,8157
8017,7771,854
523,301,7487
2910,775,3990
7180,8564,9502
1297,3670,4215
7129,6534,5453
1521,7495,3277
6088,3328,4867
8090,5877,7189
6384,9476,5712
1015,671,6647
7922,5829,9606
3236,5574,9534
2178,2872,8053
3440,7893,1186
3782,5148,4295
1380,457,862
1410,833,1876
2532,6175,5020
1775,8271,4803
8908,2740,9464
8078,6539,1366
2537,2333,1760
9423,753,4675
2562,4792,4482
153,6143,7552
1379,216,2798
671,8771,573
1422,3134,2766
6960,7493,9454
7614,3691,3710
3425,5509,8279
9078,1459,7922
779,488,6915
3562,4808,4890
2360,2509,5168
6609,6785,5289
6449,7465,2858
915,6068,1530
4684,1040,1128
5528,7810,3801
2789,217,5382
9203,4475,2410
9520,9043,5012
3139,2445,3325
4257,5098,2247
3991,9968,6519
9672,4294,6951
8774,5309,8565
4762,385,4416
7939,5095,1458
6701,4473,2587
4044,7181,1872
9825,2922,5923
3499,7653,206
3181,1962,3711
4863,1077,9225
6852,859,7047
7999,3897,7455
1423,9278,3237
6333,9520,2405
5883,6852,8977
4549,5046,2807
2904,3624,3520
2127,1398,3827
4821,9581,1284
4663,4388,5912
8065,8866,3897
1609,1908,1073
2962,4938,9497
1480,4285,1208
6863,8773,8094
854,777,8400
1260,943,1571
1873,4715,9196
1608,5093,6775
4912,7554,9358
9512,8969,6332
3271,3316,376
4399,558,8062
1085,9540,8053
490,9064,335
6649,9623,482
819,8488,1455
1694,2738,3178
6672,9564,4895
3591,6008,9517
9520,9777,3164
6559,3177,8608
1333,8867,4416
8044,9042,881
810,1603,8250
2544,2398,985
213,7010,5219
3036,8816,2173
9532,8905,9837
8258,7852,2581
6469,5095,4968
13,7116,9484
8511,8668,4352
9793,6357,5555
7379,2940,6557
1455,2238,9862
4983,6594,6325
2721,2461,4764
1650,3177,8878
3544,868,8393
3780,2022,8948
7668,7036,68
7231,5353,1047
9252,5708,3009
7390,4623,3772
7457,3515,3691
5012,6995,2424
8785,2826,8471
4637,3912,2391
1482,6660,9104
7343,4509,752
779,9619,932
2910,1117,9199
7768,6185,8696
3614,8631,4188
3070,2074,8645
3365,7053,4610
5124,7113,5310
6356,5199,3758
6576,3425,7033
4784,4851,1208
2390,8942,98
7220,667,8130
7670,4979,9730
394,6808,9130
8951,9507,478
5460,2646,4276
1178,605,6899
2221,2442,7572
7524,9982,6108
479,7074,9396
6687,1693,3859
5295,769,4226
1117,3179,5025
4830,3392,8745
7364,2501,3888
9331,3267,3473
7401,6677,3003
5781,4535,3939
7588,9197,4565
5937,112,3720
3877,3225,9187
2270,6938,6864
6632,1538,7889
7562,4690,2800
8337,3300,3
7446,8379,7126
2411,5126,6321
495,9705,8798
124,6019,3626
2093,1161,4387
9192,3264,7576
3227,2232,3765
3490,9564,2364
1292,120,1825
5752,3008,2401
2217,4154,613
8167,340,9275
365,5092,8025
8967,7335,18
1837,4462,1480
6168,8003,3536
5750,9986,601
9062,8617,6739
650,3453,7109
2144,9988,6547
8624,5943,7442
9308,8406,8733
3875,8256,8267
2571,5873,2023
3212,4468,8071
776,654,8863
2060,898,2012
4660,8719,6047
154,819,8672
3847,5930,7150
9801,5572,7504
2553,4698,2913
1437,482,6923
3353,4977,4705
6847,7640,9813
4263,7827,8673
7300,5447,5364
4587,1061,4888
3872,5789,846
3548,4388,8454
851,8094,7873
1682,7386,841
7814,5928,353
9811,4697,1215
7904,1806,5373
8422,2264,1247
6591,9350,3850
2164,6634,3046
8559,696,7479
9194,498,1287
2888,4655,5641
2091,5619,6860
7564,7245,118
4615,7993,9003
4810,3648,2946
5843,4704,5635
1359,7483,8752
4084,6109,5418
2071,7988,7659
9624,2125,8590
1714,4643,6136
2905,3846,3530
6827,7538,4173
2942,5785,2402
8968,3198,702
3245,3455,9160
209,4213,1501
4870,6966,5718
592,9877,6065
9405,6424,4993
2638,5145,32
9114,5986,9528
2473,942,2236
9507,2133,2704
7377,2893,5067
5363,6087,5231
4325,4739,6194
8984,9095,7313
4829,1485,4275
7653,5018,1795
6813,6021,8034
887,412,845
7621,144,7977
2285,9835,2386
848,6788,2505
7877,8241,3466
7462,5974,5492
550,2805,291
3618,7783,3115
6347,5203,1747
6657,7208,4717
3503,8804,6827
9323,3530,388
9507,2554,1199
3601,2672,6858
4831,912,5232
3008,5790,4308
8208,1007,2795
1435,343,1080
1304,2755,2690
9930,3449,7910
2168,4257,6605
4695,8969,581
4573,3880,4755
7818,5954,283
832,1370,1811
6560,4819,2743
6026,3771,8044
4383,7332,868
7397,9023,1708
4078,3402,7174
7925,7639,5771
4451,184,3014
5247,9954,8477
9088,3521,627
6188,5286,7683
5484,1838,6954
6079,3312,8778
7854,7919,2383
1641,1263,9209
5144,4350,374
3658,5284,8975
6404,1030,7995
1620,1487,3322
9995,840,6027
235,3448,6106
9978,5226,3111
335,6319,9207
3862,9837,9196
7981,4475,3813
811,5772,865
7419,3398,7112
4411,1905,8469
8597,237,4905
5784,1087,9829
5418,8213,566
7236,5123,6201
7773,9540,1421
8471,793,9741
8262,1507,2569
6323,8290,2881
6300,7696,2870
8774,5534,5006
5965,6764,5347
8929,1205,6600
1573,262,9830
7381,5066,5069
9080,5319,3166
8991,4293,9035
2033,9716,6720
8233,5739,2027
4104,1590,2268
2552,2910,4135
3749,4615,8267
5473,6430,5398
5684,1590,9406
754,7432,2965
7712,6695,3459
8318,4710,1264
9832,9442,8889
544,1763,7412
4394,937,2020
572,1789,7126
430,536,4943
4050,801,4647
139,524,9720
9647,3926,9382
6266,5190,9129
4937,5752,5488
5608,7866,6609
8182,3996,4940
2033,5092,9043
5249,1132,1225
1626,3316,6195
8653,2731,6946
6383,9902,8282
7487,4200,7132
8778,7550,3311
5111,101,6212
3868,7307,8193
2526,7652,303
1699,2289,3703
5910,9091,4983
8308,9858,5281
3096,6196,7428
3285,6148,5305
1963,1912,7396
5662,9471,4206
1055,4789,8194
306,9745,3548
1530,6412,4234
6124,8020,3643
2269,1255,3987
5856,8906,568
8436,4889,3586
6264,2513,8158
820,6975,7500
5441,2794,2148
2801,4946,2654
6458,4701,2885
6266,4616,4061
335,4095,5175
3749,4213,2149
6671,1624,889
4506,6174,9062
5843,3663,663
8096,3856,5006
2146,557,5694
2450,2075,1419
8761,4675,5179
4521,2209,1251
2957,8173,3790
9692,6465,8592
9359,7900,8770
8718,4511,2960
7227,4887,985
6601,1582,1123
2655,4805,6727
492,7342,3494
7603,4330,2094
567,4912,9552
1984,3383,578
7476,5406,1623
9487,5591,7274
6067,5255,3790
7171,663,8212
8289,6902,743
7444,6879,7756
247,8581,500
4252,5010,983
245,6460,3320
7941,3691,4655
5051,2684,2177
2192,6460,7315
2397,9751,820
8754,559,9686
4889,9981,6343
3082,4031,7099
2806,597,8776
5045,7853,9014
2702,1179,208
2934,7094,4681
145,6633,8164
279,1971,1705
8183,3825,5005
2242,5231,687
4934,5971,3784
7771,2291,7819
9515,1887,6325
4765,6311,1082
6561,5936,6687
8878,9524,4719
1079,9089,1411
3647,3482,7002
6459,4932,2432
9496,9820,1749
6661,9276,7608
1142,4541,898
364,6194,9366
3967,1939,4505
9172,5245,9375
1805,7028,765
7731,6161,7672
3514,7917,8252
1484,1428,8431
6878,6031,4991
6444,1696,3064
9665,554,4713
2474,3486,3292
477,2229,9354
6742,6949,5327
7026,5664,4399
5261,1218,3824
2588,3860,1516
6767,9757,949
1253,3122,2175
3978,464,4516
3994,6268,465
2709,2267,9979
1532,6752,1713
6265,9103,9589
5209,8303,1095
6762,8192,4368
5553,7229,3684
4357,3397,3703
7977,5668,8841
9536,6473,5878
710,4440,122
3507,323,513
6766,8471,4331
6696,4340,1270
46,8025,6417
5159,3012,106
8763,2919,5894
5215,9128,8950
9318,2732,5779
7698,8678,8549
9784,1838,2661
9078,5709,3219
2077,2994,1426
6170,6978,5126
7952,417,7851
1802,1030,1834
137,2928,2712
5374,6285,3599
5754,749,4707
8067,3473,9420
9015,7868,2563
4774,8899,558
9814,2637,6391
3347,9863,2495
5035,6345,1649
5606,7252,5901
2737,174,8293
9372,9110,9279
6600,380,165
4739,725,513
914,916,6602
7967,7076,1357
7965,1096,937
8397,9519,6622
7582,5516,4840
1647,4849,4345
6752,7022,7616
1418,5807,6499
8187,5458,9893
384,1492,2618
8272,3978,8418
3593,2963,413
9004,3043,8213
2735,7027,5192
1164,2654,9604
3593,152,8375
6286,5876,5209
9495,1551,7023
5704,2541,3566
6589,1291,3884
5423,1000,6540
1413,1224,4474
6154,7142,2283
3016,5532,7764
5645,5432,6918
9380,4821,7503
9647,8612,5175
17,2333,5532
668,1601,7590
4341,5699,9558
7845,4901,8600
6967,1740,4523
497,5720,7019
6823,8179,5390
5489,8036,1839
8715,1191,5570
4765,9147,6659
8131,4986,3853
9001,9289,9290
7529,116,4156
26,4588,5012
7241,4278,9707
5755,2995,8504
9493,5277,4805
4681,7734,6992
5079,6089,1238
2761,481,8382
4082,3222,7426
9658,432,1575
7732,965,2712
8878,5043,1597
4528,7290,4671
4061,8139,9369
6564,9664,3099
7380,1647,3841
5459,7820,8173
4337,2035,7789
2867,4108,3983
7587,7329,7687
2519,6024,6930
6958,7600,3019
5510,9847,3547
7531,9836,8526
7560,9662,7714
2974,811,8288
3575,5271,9599
5411,1074,1912
8445,9274,2695
9139,5639,9633
3711,9241,7886
6677,1346,1160
4670,2279,8690
9263,4624,2893
1721,9483,5344
411,4425,8872
3566,1098,6337
4233,9964,1637
9199,7873,7105
9694,5681,6024
5773,4304,2290
2407,8637,3539
4131,5997,5420
6996,2846,8154
4027,500,4051
7200,4212,1458
5540,908,9196
8616,5886,5477
2101,947,4149
7823,2152,466
6943,3429,2443
8,8543,2406
6469,6769,7211
7605,294,3705
8140,8056,3701
9577,132,1734
9729,583,8703
5643,570,5994
7862,5048,484
2608,9116,2395
3002,1380,8665
5,8226,8216
234,8888,238
2019,8234,1787
2448,2655,5072
6908,3126,4823
5229,9772,1003
9361,8452,6659
2863,3843,4817
880,1441,2717
553,9549,8770
7775,1062,5579
5752,6557,5184
8420,4565,3258
7922,7380,5738
9758,9285,6772
9678,4587,1633
1,35,1588
4678,3053,9102
4556,2620,575
4460,1195,4107
5511,1467,2284
1662,7129,8957
7861,2130,3494
8114,5482,5081
5128,3063,804
1534,2114,4883
1763,2130,8010
1436,7400,1464
8778,8755,1762
5322,2693,3179
6544,2629,3155
5559,9262,7696
7722,6584,7214
5511,2539,6018
9057,8853,413
1358,3963,414
6717,1755,5119
8373,1651,2924
3264,4354,8696
6942,5933,4573
4604,4398,6604
2388,2464,90
2975,2497,9847
7626,9290,810
9154,4456,7463
3977,6813,8797
9057,3012,0
3616,5254,8090
4373,7170,7746
4634,9843,6557
341,3764,7886
7551,2705,5547
1390,3191,3834
1285,1193,1863
3683,2508,3128
4679,8557,4592
8127,5728,8340
2475,6112,4241
9453,4183,5941
1408,7945,8803
1739,4610,8552
4264,7598,5309
3313,3436,1677
1439,2035,7953
1953,2709,1334
3696,1247,8407
5706,4352,3402
9487,3588,2196
191,5736,1717
4086,8553,5324
1154,6942,6327
47,3938,6997
7126,2790,1561
5800,5018,7058
6036,4932,4130
4406,5558,2366
6176,7054,7271
6203,4665,3493
6451,7570,942
5527,4594,9425
8920,1746,2974
9819,6311,2166
7044,7025,476
8183,8317,4607
9586,7627,5725
4656,2057,487
9915,8214,6346
8028,3058,1123
7909,5138,2305
4423,2140,600
6172,2991,9946
5849,5328,5313
9972,3363,6921
5018,6037,9890
1121,5771,9620
6199,3175,163
7294,4842,1748
3610,5003,5530
4821,4173,920
9289,1146,3358
5547,7027,3635
1093,5227,4067
2935,6803,1517
7854,8799,9279
2362,1488,2899
4837,8866,1147
1439,8198,5334
9181,3098,8921
9772,5629,7959
3854,2421,9941
3249,2539,3498
9568,9563,7806
4194,1463,4786
8195,3418,7071
2197,722,6233
7631,3801,4103
4238,4221,2360
8759,1144,8588
993,5556,5016
4629,7339,7869
4874,1304,2073
2028,1655,3635
4117,6427,3427
1342,8454,952
6018,9239,3105
8409,2120,7213
9794,619,726
4247,2925,8510
4257,450,7161
5521,9682,9187
8812,4367,3495
4345,3183,5108
8862,6383,1963
3348,7122,9855
3780,9875,5362
6936,3561,2246
8199,5975,7886
4817,1833,3935
3065,825,4078
4660,8863,6362
3992,1424,6386
7071,6110,7197
4415,5222,9297
3058,6157,69
7861,8597,8428
1608,522,8264
2899,6908,2866
1149,2098,3221
284,1882,8831
9084,7828,8147
2436,9403,4159
9528,6777,2893
2371,8623,3765
6896,4907,7661
5052,1813,9562
3000,1105,9753
1543,9929,6135
9674,8446,3647
6828,311,1990
8416,4199,4580
6594,2194,5329
7850,3965,2274
147,5401,2931
8428,5436,6600
3416,5202,2177
7183,4859,4876
9743,9632,6628
2940,5044,8794
5234,2398,1988
9345,2200,9855
9184,649,6146
3972,8358,1449
5405,4849,1680
3171,8778,3477
6479,4893,732
2052,8955,8989
3049,2793,5735
9694,7324,280
2779,6312,4674
4923,3357,3832
7663,3945,8275
7209,122,7839
1236,3080,1931
4152,7952,7982
2436,6413,6826
4028,457,5347
6138,6406,9678
4440,4503,4197
1176,7937,311
8083,124,9266
7293,7528,5570
967,7270,552
580,6617,6468
5061,7745,3458
2597,9147,357
9169,6883,7973
7123,4924,1577
2680,9284,2293
5516,1145,6640
8271,5340,9428
1737,7465,4116
5598,6805,2911
6653,8256,6264
6870,8596,5798
3799,7944,8178
6848,3602,6973
4514,4138,551
4510,9976,8509
8399,878,2673
7925,3439,5610
2882,7979,7797
3864,445,7777
9035,8150,9296
1022,1495,4575
7536,4556,2405
5872,4420,5779
1215,904,3827
3985,4991,4071
6726,5425,4199
3190,5104,6421
6600,6343,5762
5998,4674,7121
6008,3792,3689
8564,8781,9751
4135,7902,7982
7116,3973,6747
2279,7826,4178
8117,9694,9592
1927,9606,1924
9660,2078,78
4039,7887,2330
922,7347,3724
5378,6769,5764
4815,8005,6371
4129,4913,6198
6113,3932,9643
6311,5807,6458
1125,6590,8610
6752,9291,7844
3012,7922,1147
258,243,7516
9340,671,7149
6230,5988,2549
376,4438,9198
1651,4523,704
5121,7229,9699
4673,3485,7888
9574,8678,369
1225,9131,1349
373,3394,972
3151,8677,3344
9171,1026,5980
5027,9320,1742
1932,583,8100
2229,550,1567
1267,7293,612
1640,9443,2087
6002,8584,3468
424,9018,1672
9681,2759,3602
4765,4382,8527
5987,7431,3154
9941,4263,6144
2114,3643,1411
7469,7481,3611
323,3835,7171
691,1589,2585
532,4514,7471
4410,4972,9059
1537,3748,9138
5044,7834,3231
7587,9902,9334
9713,9173,1652
4177,5917,219
5065,977,5384
1243,2132,5430
6883,1104,3613
7058,8882,7624
3396,5309,6888
2469,2629,8539
729,7812,5703
9595,8582,4228
653,3624,7039
4641,3073,1863
9100,7079,9526
8216,5680,6239
334,6069,1150
4104,2945,8490
3146,3348,8976
2577,1377,588
6807,7454,9183
7203,8199,8164
3359,3571,7573
8744,2517,519
8011,480,270
305,3585,2141
8411,2108,8987
6369,6432,9272
6244,9664,7432
981,2346,8438
282,5592,7226
8308,7843,809
4976,6005,4661
7978,779,7886
9530,4894,6461
3079,2512,7878
312,6995,772
7890,4769,9414
8215,7782,5307
4898,2645,3111
103,1080,5636
8082,7950,2759
4217,4302,141
1897,9886,4441
1443,8572,3304
9219,9931,6941
2466,2524,9738
5809,6978,2475
5540,5408,7152
5278,3870,2446
8858,7813,1916
5569,3998,4949
1447,1446,2707
3518,4153,9677
8927,2423,6519
718,4998,7112
6101,9922,6503
4197,8370,9466
39,9716,5591
1919,2903,587
2834,7743,673
7624,8887,82
6130,960,1463
5370,848,8861
2149,6994,4320
789,2913,4747
5186,6201,8716
5743,7015,86
4333,813,8875
7902,2032,2884
5634,2317,6663
942,1130,2506
6113,1750,2503
5718,2343,3355
6638,2989,2863
6171,3831,5005
9286,1789,5402
7539,637,6072
780,4401,979
8286,6587,4539
8192,9024,8512
1541,1454,7149
8720,42,2945
775,211,1610
2091,7792,2641
3530,6171,1503
103,5290,1400
1030,1450,8796
50,1150,1453
2898,731,5361
3133,8785,299
7081,5859,5519
5531,7156,821
7719,8506,7669
2361,1178,2321
9699,5428,830
7956,1449,5451
6509,9240,7269
6595,4582,6861
8941,399,6274
9435,2844,2368
6603,6095,7541
696,9782,4962
4601,339,3474
7503,1898,969
8700,1866,3491
6424,467,7216
5519,7615,4027
7843,1929,6857
8451,2036,1918
1155,230,7634
7848,9273,8375
7335,7031,5513
2340,4946,8691
4555,6389,50
5339,2560,6154
9722,8987,2573
8609,1439,3309
8346,527,5050
7340,2717,1043
1957,1745,2448
2908,335,8679
6820,8302,7587
9630,7936,8043
119,9037,8449
9124,2824,7970
6463,862,4754
2260,3409,1039
569,3115,8289
5985,5892,8693
5169,65,4592
2272,6189,8056
6267,1965,2108
7416,814,7426
4317,8360,4934
9767,4665,305
444,1963,2699
3424,1522,558
314,8544,5293
2699,1402,8502
4336,7126,2301
3921,3124,1202
1293,6677,14
5491,3569,5718
5883,7810,1674
1589,7450,1985
3793,8329,3581
6583,1903,434
3627,5584,2146
9400,6290,2999
4107,8753,1626
6173,3920,2177
6113,2861,3668
8314,3695,6978
8709,3621,465
8281,1884,4144
